,y,yhat
0,543.0275,499.68805
1,485.36023,500.47885
2,491.7677,480.3716
3,482.61417,477.42294
4,478.0374,472.8892
5,490.85236,480.58386
6,496.34448,491.07852
7,557.6733,506.77103
8,629.9862,585.4622
9,688.5689,672.12305
10,698.6378,715.3322
11,719.6909,713.4527
12,720.6063,720.5987
13,756.3051,719.57135
14,762.7126,737.5428
15,721.52167,735.43036
16,674.8386,690.1509
17,635.47833,629.5695
18,602.5256,582.0531
19,543.9429,557.38873
20,541.19684,533.8057
21,525.6358,527.4999
22,534.78937,521.65424
23,516.48224,521.66846
24,509.15942,513.4526
25,507.32874,507.2977
26,511.9055,501.962
27,505.49802,499.11594
28,510.99014,495.73407
29,498.1752,507.0106
30,526.55115,518.9709
31,566.8268,576.37744
32,631.8169,644.4393
33,727.92914,707.2866
34,758.1358,761.9493
35,755.3898,768.9338
36,779.189,763.89374
37,783.76575,767.26495
38,758.1358,766.21625
39,752.6437,751.5479
40,767.28937,730.0336
41,725.18304,705.29376
42,664.7697,651.4489
43,543.9429,602.3956
44,519.22833,551.9368
45,530.2126,536.2043
46,548.5197,531.1102
47,499.09055,528.772
48,496.34448,509.90146
49,484.4449,502.3341
50,480.78348,496.0883
51,500.0059,490.26953
52,486.2756,489.20657
53,483.52954,489.18973
54,497.25983,500.52496
55,554.01184,537.2796
56,620.83264,632.07184
57,728.8445,706.07263
58,757.22046,761.02374
59,748.98224,760.9359
60,770.95074,746.3514
61,749.89764,751.4562
62,726.09845,744.57434
63,744.4055,732.6822
64,717.8602,717.5312
65,673.9233,663.83276
66,602.5256,602.55304
67,521.059,555.8044
68,510.0748,527.3354
69,512.82086,520.031
70,503.66733,515.2375
71,510.99014,509.55676
72,491.7677,506.59036
73,522.8898,499.8908
74,500.92126,506.32678
75,520.1437,496.96677
76,521.059,498.88202
77,483.52954,506.03833
78,498.1752,498.27258
79,490.85236,503.7188
80,504.58267,505.7639
81,503.66733,512.153
82,504.58267,508.6436
83,504.58267,505.23166
84,507.32874,506.17874
85,518.313,506.89075
86,542.1122,514.13226
87,546.68896,524.6955
88,514.65155,525.70074
89,500.0059,515.6762
90,515.5669,507.93622
91,505.49802,510.54596
92,491.7677,506.89963
93,500.92126,501.0583
94,515.5669,500.33926
95,508.24408,503.531
96,490.85236,501.61343
97,510.0748,494.3074
98,537.5354,496.4563
99,498.1752,504.3633
100,495.42914,493.56223
101,499.09055,483.25064
102,529.29724,484.04343
103,489.02164,500.9278
104,483.52954,486.58417
105,489.02164,481.50687
106,474.37598,484.8083
107,449.6614,482.54312
108,482.61417,474.31107
109,503.66733,485.63358
110,526.55115,497.02307
111,551.26575,510.80432
112,486.2756,522.33545
113,511.9055,502.82706
114,502.75195,510.3713
115,532.0433,507.66245
116,543.0275,515.7011
117,493.59842,517.4896
118,497.25983,502.87057
119,528.3819,500.563
120,530.2126,504.12573
121,504.58267,502.70258
122,473.46063,493.03275
123,471.6299,476.1288
124,485.36023,473.36768
125,509.15942,497.46304
126,495.42914,542.21783
127,577.81104,540.4938
128,621.74805,645.9725
129,703.2146,702.41156
130,727.0138,753.84625
131,810.31104,764.88727
132,847.8405,786.1973
133,813.05707,795.8364
134,794.75,786.73126
135,814.8878,774.1329
136,778.2736,764.5411
137,689.48425,725.0637
138,643.7165,638.6966
139,579.6417,589.1484
140,593.3721,556.7273
141,523.8051,555.0247
142,505.49802,533.0761
143,496.34448,521.7082
144,534.78937,511.50345
145,534.78937,515.67725
146,521.059,510.89053
147,519.22833,502.45145
148,490.85236,501.06924
149,501.8366,501.30408
150,502.75195,515.17816
151,548.5197,536.99304
152,632.73224,610.9645
153,702.2992,713.3886
154,738.9134,754.64874
155,767.28937,763.87146
156,742.57477,764.161
157,772.7815,748.8308
158,771.8661,763.1184
159,762.7126,761.22186
160,730.6752,747.3297
161,733.42126,708.43774
162,666.6004,669.1081
163,591.5413,610.56256
164,560.4193,566.2295
165,532.0433,548.8373
166,518.313,537.298
167,521.059,528.98724
168,522.8898,523.6745
169,517.39764,519.24963
170,539.3661,513.72906
171,527.4665,515.6227
172,509.15942,511.6258
173,535.7047,504.87653
174,558.5886,530.7723
175,608.0177,592.9477
176,664.7697,681.1226
177,746.2362,735.3899
178,766.37396,778.5201
179,760.8819,780.6902
180,703.2146,771.3301
181,736.1673,741.09937
182,786.51184,751.9767
183,770.0354,764.86743
184,748.0669,741.29175
185,703.2146,696.5848
186,625.4094,630.7646
187,606.187,581.76355
188,566.8268,567.75287
189,532.9586,550.3788
190,510.99014,537.96796
191,568.6575,525.9122
192,535.7047,533.73804
193,501.8366,524.93146
194,542.1122,510.84326
195,518.313,515.55176
196,502.75195,508.01227
197,502.75195,506.0642
198,523.8051,522.4366
199,577.81104,582.0532
200,640.0551,668.60913
201,765.4586,722.7831
202,782.8504,786.39557
203,788.3425,780.96075
204,803.90356,776.42865
205,784.68115,782.03265
206,823.126,774.78516
207,805.73425,781.0876
208,737.08264,762.627
209,687.65356,704.4344
210,625.4094,634.60406
211,596.1181,585.9627
212,564.08075,568.5992
213,526.55115,549.71106
214,556.7579,534.3388
215,546.68896,536.10706
216,503.66733,526.82764
217,496.34448,512.3872
218,499.09055,502.2666
219,495.42914,495.27795
220,495.42914,490.69553
221,524.72046,496.21738
222,505.49802,533.05676
223,544.8582,556.64044
224,665.68506,628.4122
225,738.9134,737.6334
226,735.25195,767.457
227,730.6752,759.24097
228,730.6752,747.00146
229,738.9134,743.3699
230,770.0354,743.3018
231,801.1575,746.9392
232,723.35236,743.3265
233,691.315,669.0961
234,583.30316,614.6839
235,561.33466,559.18365
236,535.7047,543.3291
237,518.313,530.9328
238,542.1122,522.7868
239,531.1279,522.85284
240,521.059,516.724
241,561.33466,514.3336
242,549.43506,522.68225
243,510.99014,515.6414
244,538.45074,503.77225
245,510.0748,513.61444
246,509.15942,509.76355
247,518.313,514.7683
248,523.8051,519.5685
249,532.0433,521.3253
250,536.62006,521.2388
251,505.49802,521.4165
252,533.87396,513.0567
253,524.72046,524.36816
254,522.8898,522.5261
255,533.87396,523.3946
256,521.059,524.2971
257,536.62006,518.1587
258,515.5669,522.08307
259,513.7362,514.1328
260,508.24408,511.1863
261,504.58267,509.1666
262,507.32874,506.40106
263,492.68307,505.34177
264,564.9961,499.5025
265,512.82086,517.1063
266,531.1279,503.97736
267,512.82086,505.86777
268,524.72046,499.47714
269,513.7362,498.01688
270,504.58267,496.55475
271,491.7677,491.34976
272,490.85236,488.24432
273,487.19095,489.05753
274,486.2756,487.1651
275,493.59842,490.04694
276,480.78348,491.0316
277,504.58267,489.99875
278,496.34448,500.73227
279,497.25983,500.82928
280,495.42914,503.63217
281,514.65155,503.94675
282,510.99014,510.38943
283,507.32874,509.1334
284,502.75195,507.97968
285,518.313,504.72113
286,543.9429,507.74796
287,540.2815,513.26105
288,485.36023,511.82855
289,508.24408,492.04425
290,513.7362,492.87515
291,484.4449,491.6537
292,485.36023,480.57428
293,489.937,494.7619
294,491.7677,507.7381
295,548.5197,532.94116
296,648.2933,621.6783
297,730.6752,727.32385
298,774.61224,769.4991
299,773.6969,778.44543
300,751.72833,773.95294
301,733.42126,763.3038
302,739.82874,751.3843
303,731.5905,744.9007
304,719.6909,721.7259
305,660.19293,675.5973
306,611.67914,604.533
307,561.33466,568.78687
308,564.08075,544.43646
309,543.9429,541.0516
310,518.313,532.07855
311,516.48224,518.34827
312,502.75195,511.21732
313,506.41336,504.31116
314,554.01184,499.88416
315,525.6358,512.10266
316,500.0059,504.3407
317,500.0059,500.2681
318,505.49802,511.92883
319,569.5729,545.9154
320,637.309,643.1142
321,705.96063,710.42456
322,828.6181,748.53156
323,753.559,789.0341
324,698.6378,751.7943
325,748.98224,725.94006
326,781.0197,748.53973
327,760.8819,759.6795
328,735.25195,745.197
329,724.2677,702.15765
330,675.75397,654.62994
331,619.00195,608.4857
332,569.5729,577.38464
333,553.0965,557.03455
334,548.5197,545.9339
335,549.43506,540.4618
336,527.4665,536.6851
337,513.7362,525.8988
338,530.2126,516.65375
339,542.1122,516.18475
340,523.8051,519.4815
341,522.8898,509.5418
342,519.22833,526.9665
343,596.1181,562.6969
344,664.7697,671.0292
345,771.8661,738.60645
346,826.7874,790.7674
347,792.00397,801.61237
348,792.9193,782.7587
349,811.2264,784.30225
350,820.37994,790.6284
351,824.0413,792.6249
352,819.4646,781.20325
353,728.8445,745.18256
354,642.80115,657.3205
355,582.3878,594.7381
356,559.50397,566.96014
357,549.43506,556.6859
358,553.0965,548.25464
359,523.8051,542.52216
360,524.72046,529.6946
361,521.059,524.9191
362,553.0965,519.1613
363,572.3189,523.3597
364,519.22833,527.862
365,523.8051,509.52777
366,532.0433,536.8716
367,586.0492,590.61993
368,660.19293,684.4438
369,731.5905,754.3629
370,828.6181,782.9374
371,832.27954,805.0036
372,822.21063,796.20404
373,796.58075,793.02094
374,830.4488,783.7972
375,798.41144,787.23035
376,813.05707,764.48865
377,813.9725,735.967
378,662.939,695.74677
379,640.0551,608.18964
380,607.10236,587.4515
381,554.9272,571.8591
382,555.8425,553.78204
383,553.0965,544.599
384,537.5354,533.9856
385,513.7362,527.51044
386,536.62006,514.9149
387,554.01184,514.40674
388,513.7362,520.1809
389,510.0748,509.38748
390,522.8898,522.1506
391,585.13385,570.1084
392,688.5689,678.7372
393,754.47437,769.32806
394,775.5276,797.86816
395,782.8504,791.5195
396,753.559,775.0478
397,761.79724,765.5479
398,788.3425,769.2829
399,732.5059,769.55414
400,748.0669,730.7957
401,698.6378,694.5688
402,619.00195,626.441
403,575.065,577.24915
404,521.97437,553.47687
405,562.25,532.88464
406,568.6575,539.16736
407,528.3819,536.5243
408,527.4665,523.8258
409,524.72046,520.011
410,521.059,514.5782
411,525.6358,510.9492
412,506.41336,507.2408
413,509.15942,505.87744
414,523.8051,508.23987
415,575.065,517.7418
416,556.7579,548.87744
417,552.18115,543.4063
418,551.26575,538.01483
419,571.40356,535.1745
420,544.8582,544.04
421,550.3504,536.9718
422,551.26575,537.8178
423,541.19684,537.034
424,527.4665,530.6969
425,550.3504,522.1942
426,520.1437,527.5092
427,536.62006,517.9053
428,523.8051,521.23425
429,524.72046,517.71265
430,514.65155,517.2875
431,538.45074,512.7963
432,511.9055,516.62823
433,545.7736,508.16248
434,514.65155,513.0926
435,510.0748,504.0084
436,518.313,501.6794
437,539.3661,497.50336
438,535.7047,508.72684
439,487.19095,513.7924
440,506.41336,491.9737
441,496.34448,499.66977
442,519.22833,498.8963
443,543.0275,509.60965
444,532.0433,523.16327
445,526.55115,519.27625
446,522.8898,519.0426
447,522.8898,518.1932
448,517.39764,519.5417
449,554.9272,518.0041
450,547.6043,528.1622
451,566.8268,528.9614
452,554.9272,533.67255
453,534.78937,530.317
454,523.8051,524.15375
455,510.0748,516.7907
456,501.8366,508.0713
457,492.68307,500.93866
458,500.92126,493.2064
459,503.66733,490.2589
460,516.48224,490.29633
461,491.7677,524.4292
462,517.39764,515.66724
463,566.8268,558.7876
464,641.8858,643.95404
465,739.82874,724.3424
466,770.0354,779.18854
467,802.0729,784.0597
468,768.2047,787.49066
469,767.28937,772.70154
470,750.813,769.5174
471,748.98224,755.75574
472,759.05115,736.41284
473,698.6378,712.44653
474,584.2185,640.2184
475,538.45074,565.99554
476,545.7736,541.1903
477,566.8268,536.5773
478,575.065,539.0829
479,511.9055,535.0469
480,522.8898,514.8983
481,522.8898,512.99493
482,497.25983,509.62805
483,515.5669,497.33102
484,499.09055,496.57635
485,492.68307,496.30103
486,502.75195,510.71896
487,597.03345,548.6224
488,684.9075,675.48047
489,753.559,749.1598
490,837.77167,774.83716
491,804.8189,795.54895
492,763.6279,776.3008
493,767.28937,768.0912
494,762.7126,775.36633
495,743.4902,771.8908
496,745.32086,745.0998
497,716.02954,698.6714
498,639.1398,643.1131
499,543.9429,590.16327
500,525.6358,551.3858
501,526.55115,543.5211
502,541.19684,536.87646
503,532.9586,534.4199
504,528.3819,527.38947
505,551.26575,521.1234
506,506.41336,524.3078
507,510.0748,508.5727
508,511.9055,503.20557
509,501.8366,501.17575
510,521.97437,514.71686
511,578.7264,575.2382
512,640.0551,665.26807
513,701.38385,726.4508
514,836.8563,753.1563
515,833.1949,798.72015
516,829.53345,789.5772
517,807.565,788.51227
518,825.8721,785.93353
519,815.80316,789.21094
520,800.2421,775.4348
521,681.2461,732.44183
522,634.563,627.30975
523,562.25,582.24896
524,588.7953,553.98364
525,558.5886,558.8435
526,529.29724,547.2803
527,519.22833,535.7145
528,521.059,527.67175
529,532.0433,521.903
530,536.62006,519.013
531,509.15942,516.15436
532,509.15942,503.80933
533,511.9055,499.6151
534,521.059,519.234
535,588.7953,571.87164
536,650.12396,678.7943
537,772.7815,739.6509
538,772.7815,796.10736
539,764.5433,784.8105
540,762.7126,775.35956
541,775.5276,772.03455
542,743.4902,771.8427
543,741.6594,756.31464
544,737.99805,729.51495
545,673.9233,692.35034
546,617.17126,624.1363
547,605.27167,581.68097
548,557.6733,568.52673
549,545.7736,547.67346
550,522.8898,537.66425
551,527.4665,523.72473
552,529.29724,519.0333
553,532.0433,515.3763
554,528.3819,511.88312
555,519.22833,508.0143
556,504.58267,501.68848
557,500.0059,505.00677
558,535.7047,521.8116
559,589.71063,586.31726
560,645.54724,670.32544
561,736.1673,724.87646
562,755.3898,767.65704
563,770.0354,761.9115
564,761.79724,761.13416
565,747.15155,755.33844
566,750.813,744.54315
567,713.28345,738.73865
568,694.9764,696.12085
569,657.44684,647.51544
570,601.6102,596.9166
571,537.5354,560.07196
572,549.43506,535.22144
573,514.65155,531.74976
574,559.50397,521.0843
575,538.45074,528.71857
576,510.0748,520.9229
577,498.1752,511.67352
578,499.09055,502.93695
579,488.1063,498.03677
580,495.42914,491.3863
581,492.68307,500.30606
582,553.0965,498.42502
583,706.876,523.66626
584,520.1437,624.6641
585,524.72046,533.9034
586,534.78937,527.6057
587,543.9429,526.16785
588,525.6358,533.05347
589,531.1279,526.8094
590,556.7579,521.28955
591,543.0275,533.715
592,513.7362,527.23157
593,542.1122,513.57526
594,519.22833,523.58044
595,535.7047,514.0133
596,499.09055,521.5938
597,496.34448,511.6662
598,560.4193,508.72824
599,530.2126,524.3544
600,534.78937,515.8051
601,519.22833,511.45438
602,515.5669,502.23965
603,528.3819,503.33627
604,505.49802,507.80313
605,500.0059,493.91672
606,505.49802,494.34286
607,487.19095,494.94797
608,498.1752,486.18484
609,493.59842,493.4521
610,498.1752,490.49017
611,500.92126,496.2395
612,510.0748,498.72858
613,525.6358,504.76315
614,505.49802,515.43146
615,524.72046,509.24664
616,616.2559,516.8995
617,658.3622,553.8728
618,517.39764,575.7809
619,522.8898,527.2109
620,532.0433,522.13873
621,540.2815,523.5443
622,553.0965,525.8892
623,525.6358,522.93854
624,494.51376,510.5605
625,489.937,500.48383
626,482.61417,494.09796
627,507.32874,485.12482
628,508.24408,488.506
629,489.02164,501.135
630,491.7677,508.80194
631,574.1496,539.837
632,668.43115,656.2892
633,727.92914,742.8332
634,723.35236,772.93005
635,886.2854,762.22107
636,739.82874,803.83636
637,785.5965,765.7607
638,789.2579,783.98224
639,737.08264,781.8599
640,762.7126,738.9183
641,679.41534,715.88904
642,654.70074,621.0672
643,586.9646,595.6768
644,530.2126,559.32684
645,509.15942,536.8605
646,510.99014,528.3255
647,507.32874,515.4936
648,490.85236,512.08075
649,487.19095,501.2355
650,483.52954,490.4068
651,504.58267,488.09317
652,485.36023,490.64133
653,486.2756,492.1448
654,501.8366,496.58478
655,600.6949,538.26086
656,679.41534,672.61975
657,801.1575,742.6623
658,836.8563,800.48035
659,826.7874,798.64966
660,797.4961,787.30884
661,796.58075,782.1093
662,827.70276,783.3571
663,812.1417,798.4788
664,807.565,781.3728
665,773.6969,747.00397
666,657.44684,680.84106
667,589.71063,600.90955
668,575.98035,571.2383
669,577.81104,563.4041
670,554.9272,561.2499
671,559.50397,549.8419
672,532.9586,542.5555
673,514.65155,532.3746
674,508.24408,521.4942
675,511.9055,511.776
676,511.9055,504.3874
677,523.8051,502.79337
678,536.62006,529.12915
679,588.7953,594.63354
680,671.1772,685.91656
681,789.2579,754.2159
682,831.3642,804.9722
683,863.40155,810.9085
684,820.37994,812.9822
685,814.8878,802.4636
686,787.4272,803.41223
687,774.61224,792.6071
688,773.6969,767.04974
689,729.7598,721.47784
690,648.2933,646.3358
691,583.30316,592.4032
692,577.81104,565.4849
693,563.16534,559.697
694,559.50397,553.7393
695,564.9961,545.96875
696,557.6733,540.0392
697,558.5886,534.3582
698,520.1437,531.57294
699,505.49802,517.5184
700,507.32874,506.15018
701,511.9055,501.03378
702,524.72046,520.31195
703,580.55707,582.10645
704,652.87006,679.1515
705,728.8445,747.11426
706,772.7815,780.69806
707,843.2638,786.3629
708,843.2638,798.30774
709,801.1575,795.355
710,768.2047,785.0286
711,756.3051,770.5581
712,731.5905,746.6733
713,702.2992,699.6975
714,628.1555,641.81177
715,565.91144,587.5902
716,513.7362,557.5294
717,523.8051,536.8815
718,543.9429,532.40186
719,530.2126,530.0016
720,530.2126,520.09155
721,515.5669,514.8319
722,493.59842,506.26392
723,496.34448,496.5742
724,496.34448,493.4421
725,509.15942,497.32004
726,492.68307,517.14343
727,544.8582,535.6993
728,640.97046,627.1569
729,760.8819,725.50476
730,778.2736,781.56555
731,760.8819,776.68243
732,747.15155,755.13495
733,736.1673,743.90955
734,737.99805,738.99896
735,758.1358,737.7415
736,744.4055,725.6571
737,662.939,675.4896
738,596.1181,596.48413
739,547.6043,555.593
740,521.059,536.0462
741,526.55115,526.304
742,521.97437,523.0754
743,545.7736,517.07806
744,519.22833,519.9265
745,532.0433,513.20703
746,525.6358,513.815
747,497.25983,508.00024
748,532.0433,494.23502
749,507.32874,509.4183
750,501.8366,505.45374
751,514.65155,509.06693
752,526.55115,518.66943
753,516.48224,524.1731
754,519.22833,517.72784
755,507.32874,512.886
756,510.0748,510.2085
757,507.32874,513.2334
758,506.41336,512.4902
759,507.32874,513.80927
760,508.24408,511.43777
761,512.82086,509.54318
762,528.3819,509.9828
763,535.7047,513.8707
764,521.059,515.8824
765,540.2815,512.5587
766,540.2815,516.7266
767,496.34448,516.17413
768,524.72046,503.51144
769,519.22833,506.53162
770,561.33466,502.69843
771,529.29724,514.8776
772,530.2126,505.53473
773,504.58267,500.25098
774,532.9586,492.32043
775,499.09055,504.38828
776,495.42914,493.5927
777,522.8898,491.1569
778,521.97437,504.71924
779,498.1752,510.5848
780,520.1437,501.47867
781,516.48224,509.82635
782,514.65155,509.83942
783,540.2815,512.23236
784,500.0059,520.9439
785,530.2126,510.86398
786,515.5669,521.6258
787,526.55115,516.37537
788,516.48224,519.31287
789,545.7736,513.7402
790,559.50397,519.3131
791,541.19684,523.86694
792,530.2126,517.26245
793,562.25,510.34103
794,530.2126,519.6953
795,508.24408,506.94574
796,509.15942,496.27625
797,495.42914,515.3824
798,518.313,519.6538
799,556.7579,563.2804
800,609.84845,630.1387
801,688.5689,696.262
802,708.7067,744.5299
803,720.6063,751.5085
804,688.5689,752.5241
805,668.43115,729.04083
806,650.12396,707.7623
807,712.3681,681.554
808,652.87006,698.70197
809,616.2559,632.0112
810,585.13385,582.43744
811,575.98035,555.44946
812,533.87396,546.2712
813,499.09055,528.77136
814,486.2756,510.62857
815,510.99014,499.67136
816,502.75195,503.17303
817,484.4449,497.54935
818,482.61417,488.5141
819,483.52954,481.60873
820,496.34448,481.92654
821,478.95276,491.90817
822,497.25983,492.6027
823,489.02164,519.68335
824,502.75195,529.17206
825,544.8582,547.2815
826,536.62006,578.913
827,502.75195,558.22614
828,511.9055,524.60815
829,500.92126,521.1869
830,519.22833,511.06543
831,554.9272,517.61896
832,524.72046,531.81616
833,548.5197,513.2714
834,510.0748,519.1129
835,500.92126,499.1774
836,490.85236,493.4828
837,510.99014,485.0681
838,508.24408,487.73822
839,509.15942,487.45398
840,489.02164,485.15897
841,514.65155,476.69598
842,481.69882,485.87555
843,467.05316,471.4572
844,484.4449,463.37662
845,490.85236,476.6858
846,488.1063,491.19095
847,502.75195,504.3785
848,504.58267,525.6244
849,532.9586,531.41174
850,524.72046,554.71875
851,478.0374,546.2373
852,502.75195,506.13943
853,501.8366,515.9394
854,511.9055,512.796
855,528.3819,516.6471
856,525.6358,518.2155
857,585.13385,511.40616
858,556.7579,540.23865
859,496.34448,525.52856
860,496.34448,498.49326
861,489.02164,493.46283
862,502.75195,486.87067
863,521.059,489.73468
864,475.29135,491.47668
865,482.61417,475.3038
866,479.8681,475.76907
867,467.9685,472.22562
868,483.52954,469.27887
869,500.0059,494.645
870,485.36023,520.49274
871,538.45074,534.899
872,644.6319,610.89404
873,741.6594,716.52246
874,737.99805,761.8633
875,749.89764,755.3932
876,752.6437,751.8163
877,750.813,747.93835
878,751.72833,747.00415
879,767.28937,741.3155
880,727.0138,729.2536
881,715.1142,678.0323
882,623.57874,635.0002
883,568.6575,581.08154
884,553.0965,553.364
885,559.50397,541.20404
886,509.15942,538.33295
887,544.8582,518.79706
888,527.4665,518.9931
889,520.1437,513.3624
890,530.2126,509.1717
891,519.22833,505.1845
892,509.15942,500.49347
893,530.2126,503.84665
894,525.6358,531.72906
895,564.9961,573.06635
896,649.2086,646.56805
897,696.80707,721.78204
898,730.6752,744.30756
899,731.5905,751.928
900,735.25195,740.44434
901,703.2146,737.307
902,704.12994,721.7769
903,701.38385,708.6572
904,724.2677,684.22186
905,691.315,662.84
906,613.5098,614.1154
907,556.7579,566.25037
908,521.97437,540.87225
909,505.49802,526.1307
910,512.82086,517.28973
911,529.29724,513.38855
912,518.313,512.46063
913,533.87396,509.9464
914,504.58267,512.5957
915,484.4449,501.68454
916,482.61417,492.2167
917,484.4449,497.08383
918,495.42914,495.48056
919,510.99014,500.7911
920,516.48224,511.40634
921,500.0059,517.3336
922,525.6358,509.99063
923,496.34448,513.7039
924,502.75195,503.62225
925,500.0059,505.51553
926,513.7362,505.99286
927,506.41336,512.98834
928,508.24408,511.1591
929,535.7047,508.79874
930,519.22833,515.5175
931,512.82086,510.73715
932,503.66733,507.12778
933,509.15942,504.86777
934,546.68896,505.32358
935,529.29724,515.4047
936,508.24408,510.06094
937,496.34448,502.1888
938,510.99014,495.1122
939,532.0433,496.1992
940,505.49802,502.72113
941,505.49802,486.24088
942,502.75195,487.03323
943,493.59842,488.5252
944,479.8681,487.60342
945,491.7677,483.24338
946,492.68307,486.836
947,506.41336,489.81284
948,507.32874,497.81677
949,543.0275,501.6767
950,500.0059,520.97076
951,502.75195,506.3747
952,543.9429,507.31027
953,510.99014,521.2471
954,530.2126,512.68146
955,536.62006,518.3922
956,504.58267,519.49365
957,537.5354,510.4464
958,566.8268,516.8935
959,505.49802,522.39136
960,495.42914,505.33124
961,498.1752,495.653
962,498.1752,490.9404
963,510.99014,490.0263
964,516.48224,488.03857
965,493.59842,520.8894
966,501.8366,519.1036
967,582.3878,540.46124
968,686.7382,658.0327
969,724.2677,752.8554
970,772.7815,771.4048
971,770.95074,779.6554
972,811.2264,775.5056
973,781.93506,786.99146
974,771.8661,775.3913
975,792.9193,766.62006
976,727.0138,756.0191
977,673.0079,681.65674
978,617.17126,621.8781
979,544.8582,576.13916
980,542.1122,544.13654
981,536.62006,539.56036
982,529.29724,529.88696
983,575.98035,522.7997
984,530.2126,531.00354
985,538.45074,517.33276
986,504.58267,516.3761
987,500.0059,497.72275
988,493.59842,493.95346
989,493.59842,499.5071
990,498.1752,512.3546
991,563.16534,547.2833
992,624.4941,634.29
993,739.82874,703.8959
994,808.48035,764.4289
995,811.2264,783.7289
996,834.1102,778.3408
997,808.48035,785.9484
998,770.95074,784.3221
999,793.83466,774.1531
1000,821.2953,771.55896
1001,741.6594,757.7494
1002,642.80115,675.129
1003,607.10236,596.8597
1004,586.0492,573.9793
1005,563.16534,566.0044
1006,564.08075,557.553
1007,528.3819,551.9358
1008,543.9429,535.35455
1009,529.29724,533.61926
1010,499.09055,524.2319
1011,504.58267,509.66565
1012,501.8366,501.5253
1013,502.75195,497.9764
1014,521.059,511.97763
1015,583.30316,555.27563
1016,643.7165,658.83813
1017,759.9665,731.34174
1018,785.5965,790.1787
1019,818.5492,789.272
1020,728.8445,793.2413
1021,764.5433,761.21967
1022,781.0197,774.2404
1023,774.61224,778.759
1024,777.3583,757.05115
1025,737.99805,720.4269
1026,671.1772,653.93884
1027,590.626,602.9682
1028,554.9272,566.68695
1029,533.87396,551.1459
1030,528.3819,541.97235
1031,582.3878,532.44324
1032,539.3661,540.48627
1033,510.99014,526.9863
1034,513.7362,515.236
1035,501.8366,510.41254
1036,519.22833,500.67624
1037,500.92126,505.50223
1038,525.6358,509.62234
1039,630.90155,578.4061
1040,699.55316,715.83813
1041,807.565,767.27856
1042,823.126,808.3041
1043,807.565,800.396
1044,782.8504,789.1769
1045,793.83466,782.567
1046,793.83466,786.1615
1047,790.1733,781.3925
1048,748.98224,756.78687
1049,671.1772,699.78186
1050,648.2933,620.1855
1051,561.33466,591.10583
1052,543.0275,558.95026
1053,527.4665,546.4518
1054,521.059,534.4974
1055,549.43506,525.5404
1056,539.3661,525.45557
1057,527.4665,518.1231
1058,510.0748,511.20157
1059,509.15942,501.63245
1060,506.41336,496.21167
1061,517.39764,506.44144
1062,528.3819,537.6446
1063,595.20276,598.7132
1064,698.6378,692.2909
1065,741.6594,765.7586
1066,787.4272,774.0327
1067,756.3051,779.5827
1068,765.4586,760.0748
1069,788.3425,759.89233
1070,800.2421,768.0962
1071,756.3051,765.29474
1072,727.0138,723.4782
1073,630.90155,664.061
1074,642.80115,585.42834
1075,580.55707,574.4774
1076,534.78937,550.46
1077,555.8425,535.675
1078,513.7362,535.4582
1079,545.7736,523.1342
1080,511.9055,526.6877
1081,500.92126,513.70496
1082,498.1752,505.0596
1083,493.59842,498.59857
1084,493.59842,492.6128
1085,496.34448,501.9593
1086,507.32874,502.69125
1087,530.2126,508.86926
1088,559.50397,522.57886
1089,550.3504,535.5382
1090,575.98035,534.9268
1091,543.0275,545.69934
1092,553.0965,534.6247
1093,553.0965,538.11993
1094,541.19684,536.9477
1095,523.8051,531.07416
1096,522.8898,520.9524
1097,518.313,517.2142
1098,517.39764,514.68866
1099,507.32874,513.37024
1100,540.2815,509.1892
1101,525.6358,518.41235
1102,504.58267,514.75055
1103,519.22833,509.00583
1104,514.65155,509.53864
1105,551.26575,506.58017
1106,507.32874,514.51105
1107,499.09055,500.97525
1108,497.25983,495.55435
1109,534.78937,487.52072
1110,525.6358,503.13904
1111,496.34448,506.0753
1112,532.9586,492.111
1113,503.66733,511.48755
1114,530.2126,503.3427
1115,540.2815,517.3986
1116,536.62006,524.29236
1117,515.5669,522.1087
1118,516.48224,514.7317
1119,547.6043,512.82996
1120,541.19684,527.0828
1121,562.25,526.5652
1122,514.65155,532.3186
1123,507.32874,519.19824
1124,519.22833,513.9569
1125,535.7047,516.18164
1126,544.8582,519.16003
1127,544.8582,519.5132
1128,544.8582,516.77014
1129,496.34448,515.5115
1130,523.8051,499.75845
1131,503.66733,500.5662
1132,500.0059,493.37122
1133,496.34448,507.17264
1134,500.0059,518.2942
1135,568.6575,542.4989
1136,631.8169,654.03656
1137,698.6378,717.55566
1138,806.6496,756.1372
1139,803.90356,790.86444
1140,773.6969,783.6166
1141,827.70276,773.90967
1142,820.37994,792.0622
1143,797.4961,786.38043
1144,802.0729,766.6647
1145,746.2362,738.8739
1146,673.0079,670.3159
1147,576.8957,607.0115
1148,551.26575,561.0538
1149,554.9272,548.7717
1150,551.26575,544.03467
1151,501.8366,536.8071
1152,524.72046,518.45984
1153,505.49802,514.84595
1154,494.51376,506.0646
1155,500.92126,498.27597
1156,485.36023,491.35535
1157,505.49802,489.78345
1158,504.58267,513.1005
1159,575.98035,547.39923
1160,635.47833,655.28894
1161,724.2677,718.2172
1162,781.93506,768.9404
1163,756.3051,783.3422
1164,744.4055,762.53186
1165,745.32086,757.33673
1166,813.9725,757.6081
1167,819.4646,784.7421
1168,791.0886,778.02325
1169,773.6969,742.34863
1170,665.68506,695.8971
1171,608.93304,611.98175
1172,581.4725,580.16705
1173,595.20276,565.59656
1174,591.5413,563.1535
1175,564.08075,558.5017
1176,555.8425,544.9777
1177,548.5197,539.2975
1178,542.1122,532.6557
1179,533.87396,526.6108
1180,559.50397,519.9961
1181,525.6358,527.5021
1182,561.33466,533.4064
1183,626.32477,605.6771
1184,690.3996,708.7237
1185,769.12006,760.14526
1186,801.1575,794.99115
1187,815.80316,799.60516
1188,867.97833,800.29047
1189,881.7086,817.0165
1190,854.24805,824.1408
1191,834.1102,815.1659
1192,843.2638,794.1154
1193,754.47437,758.6744
1194,689.48425,679.56995
1195,646.4626,623.07825
1196,638.22437,596.79614
1197,597.03345,588.7768
1198,594.2874,573.4846
1199,595.20276,565.19244
1200,547.6043,560.4751
1201,561.33466,544.70325
1202,557.6733,540.34094
1203,533.87396,534.19324
1204,523.8051,523.7782
1205,522.8898,515.48303
1206,536.62006,535.11316
1207,619.9173,588.9898
1208,717.8602,703.34106
1209,829.53345,788.165
1210,849.67126,828.9132
1211,861.57086,825.219
1212,860.6555,821.27893
1213,833.1949,819.43646
1214,802.0729,812.1423
1215,794.75,800.1428
1216,769.12006,775.9715
1217,756.3051,722.5164
1218,670.26184,668.6275
1219,630.90155,612.8395
1220,602.5256,589.0618
1221,579.6417,574.2659
1222,575.98035,562.95703
1223,565.91144,553.1568
1224,565.91144,540.7514
1225,539.3661,535.9132
1226,534.78937,523.69684
1227,521.059,515.07446
1228,525.6358,507.16998
1229,528.3819,518.8002
1230,535.7047,549.0656
1231,617.17126,605.9393
1232,751.72833,722.46045
1233,799.3268,804.3705
1234,858.82477,815.28485
1235,911.0,821.55164
1236,820.37994,823.46515
1237,817.63385,799.4312
1238,830.4488,801.9335
1239,832.27954,798.6766
1240,808.48035,779.46075
1241,740.7441,727.1738
1242,644.6319,647.4411
1243,645.54724,593.38196
1244,615.3405,582.8577
1245,575.065,573.86
1246,543.0275,561.77045
1247,538.45074,544.95245
1248,552.18115,538.26184
1249,541.19684,536.1088
1250,523.8051,526.6425
1251,540.2815,515.7784
1252,526.55115,517.96027
1253,520.1437,515.50037
1254,514.65155,514.7116
1255,539.3661,520.96277
1256,553.0965,538.4742
1257,532.0433,549.80115
1258,549.43506,539.3274
1259,550.3504,541.35126
1260,561.33466,539.5012
1261,553.0965,545.7012
1262,560.4193,541.51263
1263,597.03345,541.1339
1264,566.8268,554.9873
1265,560.4193,543.0776
1266,550.3504,538.3347
1267,544.8582,532.65204
1268,557.6733,528.6273
1269,586.9646,530.6297
1270,579.6417,536.1095
1271,533.87396,535.27435
1272,541.19684,522.772
1273,554.01184,520.5193
1274,549.43506,522.35626
1275,536.62006,519.383
1276,565.91144,514.1574
1277,573.23425,521.676
1278,540.2815,532.3589
1279,527.4665,523.1301
1280,559.50397,517.98737
1281,541.19684,535.00275
1282,539.3661,527.7484
1283,561.33466,529.5856
1284,555.8425,542.75366
1285,574.1496,542.21045
1286,592.4567,551.6833
1287,559.50397,558.64606
1288,575.065,543.97327
1289,579.6417,547.86395
1290,594.2874,550.32697
1291,579.6417,556.9515
1292,587.87994,550.39453
1293,543.0275,550.70416
1294,597.9488,536.94556
1295,584.2185,545.8317
1296,543.0275,541.54297
1297,575.98035,529.1856
1298,564.9961,532.55646
1299,535.7047,528.82574
1300,519.22833,520.1909
1301,516.48224,531.05676
1302,525.6358,538.1191
1303,639.1398,571.98956
1304,732.5059,711.68555
1305,834.1102,779.6291
1306,818.5492,811.3601
1307,856.9941,802.5126
1308,822.21063,809.64996
1309,811.2264,806.08264
1310,832.27954,804.1189
1311,807.565,807.4371
1312,805.73425,779.46594
1313,771.8661,740.3429
1314,649.2086,679.32086
1315,619.00195,606.13513
1316,582.3878,584.282
1317,579.6417,567.6383
1318,586.9646,564.27124
1319,593.3721,556.04785
1320,548.5197,550.7155
1321,535.7047,537.49524
1322,520.1437,523.92664
1323,509.15942,511.96704
1324,511.9055,502.4974
1325,510.99014,516.236
1326,514.65155,541.5539
1327,619.00195,596.1239
1328,721.52167,730.0779
1329,824.9567,794.0639
1330,846.9252,825.0641
1331,849.67126,819.56335
1332,814.8878,810.6026
1333,836.8563,806.3695
1334,831.3642,818.2218
1335,820.37994,819.84393
1336,810.31104,805.78656
1337,813.05707,764.0993
1338,708.7067,714.2603
1339,665.68506,641.7466
1340,598.8642,613.36115
1341,596.1181,588.99133
1342,566.8268,583.77893
1343,568.6575,567.09344
1344,536.62006,556.91876
1345,543.0275,542.06445
1346,537.5354,534.8163
1347,532.9586,527.68506
1348,520.1437,522.2491
1349,516.48224,514.4637
1350,538.45074,531.16974
1351,578.7264,600.43945
1352,676.6693,682.074
1353,745.32086,768.53625
1354,798.41144,798.6045
1355,806.6496,807.673
1356,817.63385,801.1058
1357,845.0945,801.7188
1358,836.8563,811.6382
1359,844.17914,807.75116
1360,828.6181,801.6341
1361,731.5905,765.2091
1362,683.9921,675.5064
1363,605.27167,621.01447
1364,560.4193,580.07605
1365,553.0965,562.0409
1366,549.43506,553.27905
1367,535.7047,545.2514
1368,554.9272,536.6935
1369,530.2126,534.6033
1370,537.5354,524.9027
1371,528.3819,520.7603
1372,500.92126,512.5455
1373,510.0748,500.53705
1374,518.313,520.07684
1375,561.33466,562.3047
1376,666.6004,652.0268
1377,768.2047,752.6206
1378,861.57086,798.4629
1379,869.809,816.3641
1380,824.9567,811.115
1381,798.41144,796.8477
1382,811.2264,788.79626
1383,813.9725,790.1569
1384,770.0354,776.4912
1385,728.8445,723.7939
1386,614.4252,653.863
1387,592.4567,584.08344
1388,579.6417,567.39105
1389,566.8268,559.0102
1390,523.8051,550.3748
1391,560.4193,532.21375
1392,554.01184,532.07135
1393,518.313,527.7367
1394,505.49802,514.83826
1395,510.99014,502.04486
1396,506.41336,497.96854
1397,509.15942,501.58893
1398,520.1437,519.8653
1399,569.5729,578.5978
1400,643.7165,671.9367
1401,728.8445,738.2393
1402,810.31104,776.5331
1403,823.126,793.4996
1404,783.76575,785.2363
1405,790.1733,771.03516
1406,805.73425,773.7755
1407,773.6969,771.44763
1408,694.06104,743.38544
1409,648.2933,661.58777
1410,616.2559,595.2531
1411,574.1496,567.531
1412,542.1122,549.48914
1413,522.8898,535.94604
1414,534.78937,526.8128
1415,541.19684,526.7809
1416,495.42914,524.7547
1417,514.65155,509.0135
1418,549.43506,507.13898
1419,521.059,514.2737
1420,495.42914,508.00534
1421,493.59842,503.9524
1422,500.0059,501.22287
1423,513.7362,507.57004
1424,554.9272,516.07666
1425,577.81104,534.8064
1426,530.2126,548.431
1427,563.16534,528.25085
1428,530.2126,540.82605
1429,533.87396,529.3867
1430,534.78937,528.3764
1431,525.6358,525.8703
1432,541.19684,520.9033
1433,537.5354,524.8699
1434,509.15942,521.7956
1435,495.42914,513.5593
1436,508.24408,507.31793
1437,529.29724,506.78412
1438,504.58267,514.1912
1439,478.0374,506.6019
1440,500.0059,497.32465
1441,521.059,500.32556
1442,522.8898,503.67346
1443,522.8898,502.0372
1444,487.19095,499.89948
1445,487.19095,483.6337
1446,511.9055,482.87317
1447,486.2756,495.0171
1448,481.69882,487.41122
1449,480.78348,483.86557
1450,491.7677,483.00952
1451,524.72046,490.80984
1452,499.09055,508.2227
1453,506.41336,499.2359
1454,496.34448,504.24115
1455,537.5354,500.74548
1456,539.3661,517.6748
1457,521.97437,522.49554
1458,507.32874,516.00226
1459,522.8898,511.0341
1460,511.9055,514.35266
1461,526.55115,509.59537
1462,532.0433,511.0253
1463,537.5354,509.7711
1464,495.42914,511.29974
1465,486.2756,495.95218
1466,484.4449,488.32065
1467,509.15942,482.29166
1468,482.61417,486.3698
1469,496.34448,493.04388
1470,494.51376,515.56036
1471,537.5354,536.18274
1472,611.67914,609.3134
1473,697.7225,701.7122
1474,728.8445,754.68085
1475,723.35236,761.6821
1476,676.6693,752.3152
1477,727.92914,727.27655
1478,731.5905,744.15186
1479,743.4902,738.39056
1480,743.4902,726.83344
1481,717.8602,698.9328
1482,651.9547,649.4453
1483,635.47833,597.134
1484,575.065,578.0136
1485,551.26575,551.01135
1486,554.01184,537.49146
1487,591.5413,530.45905
1488,542.1122,538.10895
1489,529.29724,522.44403
1490,541.19684,513.8949
1491,537.5354,514.7389
1492,519.22833,514.24945
1493,554.9272,512.88715
1494,530.2126,552.3509
1495,586.9646,573.33875
1496,671.1772,655.3449
1497,727.92914,737.0268
1498,784.68115,766.5626
1499,788.3425,781.73883
1500,756.3051,775.1042
1501,813.05707,765.219
1502,781.0197,786.57416
1503,764.5433,776.0279
1504,753.559,762.561
1505,707.7913,728.13806
1506,640.97046,661.14197
1507,586.9646,606.27454
1508,540.2815,570.3446
1509,564.08075,551.41675
1510,527.4665,553.9113
1511,531.1279,537.16455
1512,532.9586,531.1367
1513,531.1279,526.0171
1514,532.9586,522.1206
1515,498.1752,520.029
1516,501.8366,503.14032
1517,499.09055,502.71445
1518,517.39764,513.84705
1519,568.6575,561.4611
1520,689.48425,644.99146
1521,796.58075,749.3802
1522,831.3642,798.84644
1523,806.6496,799.64233
1524,817.63385,789.2246
1525,812.1417,791.39435
1526,765.4586,793.1903
1527,772.7815,778.3428
1528,807.565,758.1581
1529,770.0354,726.0297
1530,619.00195,662.8601
1531,590.626,581.31976
1532,545.7736,563.9773
1533,526.55115,550.70416
1534,564.9961,542.6316
1535,530.2126,542.999
1536,489.937,529.0011
1537,518.313,516.6301
1538,494.51376,515.77936
1539,511.9055,502.85095
1540,505.49802,501.02402
1541,508.24408,492.80646
1542,505.49802,519.7071
1543,537.5354,563.6451
1544,631.8169,630.82275
1545,725.18304,733.544
1546,799.3268,777.1868
1547,826.7874,792.6935
1548,777.3583,788.53
1549,797.4961,772.05
1550,793.83466,777.61755
1551,786.51184,773.472
1552,803.90356,762.674
1553,690.3996,734.7336
1554,651.03937,638.81744
1555,563.16534,598.0208
1556,551.26575,556.85986
1557,564.08075,547.59705
1558,552.18115,544.6319
1559,517.39764,532.6913
1560,510.99014,519.28687
1561,516.48224,511.47467
1562,531.1279,508.02768
1563,510.0748,509.48654
1564,500.0059,496.35757
1565,499.09055,497.1446
1566,512.82086,508.386
1567,576.8957,558.6877
1568,688.5689,666.90607
1569,784.68115,757.41895
1570,787.4272,794.1195
1571,804.8189,778.614
1572,805.73425,778.32513
1573,833.1949,777.8986
1574,780.1044,786.7367
1575,742.57477,770.64124
1576,678.5,725.8783
1577,645.54724,640.6072
1578,579.6417,588.48804
1579,545.7736,553.7453
1580,551.26575,537.8377
1581,518.313,535.18494
1582,502.75195,525.50616
1583,497.25983,516.3325
1584,506.41336,509.9029
1585,516.48224,508.09985
1586,550.3504,506.7341
1587,510.0748,511.12268
1588,502.75195,500.31876
1589,501.8366,505.56952
1590,497.25983,504.7087
1591,510.0748,507.41605
1592,503.66733,512.8643
1593,517.39764,511.74136
1594,522.8898,517.7775
1595,547.6043,520.14777
1596,530.2126,529.6121
1597,531.1279,524.388
1598,546.68896,521.64606
1599,521.059,526.96704
1600,532.0433,519.4222
1601,551.26575,521.34564
1602,520.1437,526.37317
1603,508.24408,516.38556
1604,499.09055,510.60144
1605,509.15942,504.60904
1606,503.66733,506.77518
1607,498.1752,503.5279
1608,506.41336,499.42374
1609,492.68307,500.2535
1610,505.49802,494.7146
1611,506.41336,495.82635
1612,544.8582,494.9682
1613,515.5669,502.13855
1614,502.75195,494.9885
1615,489.02164,491.80875
1616,489.02164,487.65646
1617,491.7677,488.46307
1618,495.42914,491.49234
1619,522.8898,492.60318
1620,534.78937,505.51105
1621,532.0433,516.03235
1622,525.6358,517.6468
1623,525.6358,517.2831
1624,507.32874,517.3122
1625,527.4665,512.13776
1626,532.0433,517.73376
1627,514.65155,518.9735
1628,523.8051,514.50916
1629,566.8268,514.7184
1630,520.1437,525.3286
1631,507.32874,511.55988
1632,508.24408,503.9034
1633,498.1752,498.72137
1634,506.41336,494.02094
1635,487.19095,491.99377
1636,483.52954,482.51285
1637,489.937,495.0723
1638,496.34448,509.0501
1639,543.9429,534.1149
1640,603.4409,618.64496
1641,676.6693,688.24146
1642,743.4902,742.2217
1643,829.53345,770.5569
1644,770.0354,793.49316
1645,785.5965,771.1161
1646,797.4961,772.8854
1647,858.82477,774.5819
1648,779.189,782.89685
1649,752.6437,737.36566
1650,655.6161,682.5684
1651,561.33466,602.0712
1652,552.18115,555.1722
1653,535.7047,544.66284
1654,551.26575,533.73285
1655,519.22833,531.4294
1656,499.09055,519.10944
1657,525.6358,507.70544
1658,511.9055,510.3202
1659,495.42914,501.04153
1660,513.7362,492.1801
1661,528.3819,501.6996
1662,504.58267,521.68365
1663,548.5197,545.5357
1664,633.64764,622.96655
1665,720.6063,716.37946
1666,753.559,763.531
1667,778.2736,769.34406
1668,777.3583,770.5319
1669,776.44293,765.9694
1670,787.4272,770.7566
1671,770.95074,774.7112
1672,760.8819,759.8853
1673,731.5905,725.9183
1674,641.8858,667.1259
1675,565.91144,598.8199
1676,565.91144,558.8751
1677,539.3661,552.3862
1678,535.7047,542.4022
1679,519.22833,534.2449
1680,525.6358,522.9049
1681,513.7362,522.0
1682,497.25983,514.3103
1683,500.92126,502.90872
1684,494.51376,498.64514
1685,507.32874,494.8057
1686,513.7362,511.47766
1687,580.55707,548.9312
1688,686.7382,651.58496
1689,782.8504,746.8819
1690,770.95074,790.4367
1691,771.8661,780.3696
1692,797.4961,771.9294
1693,781.0197,781.90015
1694,762.7126,780.534
1695,796.58075,770.6861
1696,803.90356,761.3082
1697,722.437,723.084
1698,644.6319,641.0116
1699,598.8642,588.69403
1700,584.2185,566.81195
1701,550.3504,559.49347
1702,550.3504,546.88873
1703,552.18115,539.48676
1704,532.9586,534.2747
1705,563.16534,527.46643
1706,500.92126,530.00653
1707,516.48224,507.9998
1708,510.0748,504.92462
1709,526.55115,502.6029
1710,532.0433,537.7727
1711,574.1496,591.7025
1712,614.4252,661.9202
1713,756.3051,716.16254
1714,806.6496,784.79254
1715,770.95074,795.8999
1716,748.0669,776.3588
1717,765.4586,765.1045
1718,753.559,766.6008
1719,750.813,759.2913
1720,709.6221,741.51996
1721,680.33075,684.89844
1722,620.83264,628.562
1723,546.68896,583.66113
1724,556.7579,550.1003
1725,533.87396,545.0117
1726,510.0748,532.032
1727,531.1279,520.03284
1728,500.92126,516.7809
1729,527.4665,504.91037
1730,528.3819,509.22433
1731,515.5669,507.1733
1732,495.42914,500.98105
1733,500.92126,498.4386
1734,509.15942,514.2925
1735,560.4193,562.1366
1736,637.309,642.16156
1737,726.09845,717.9216
1738,803.90356,758.5892
1739,826.7874,778.3703
1740,757.22046,777.54175
1741,758.1358,750.31177
1742,727.0138,750.2785
1743,727.0138,728.4638
1744,714.1988,705.9904
1745,651.03937,660.16174
1746,598.8642,588.2195
1747,563.16534,556.712
1748,532.0433,539.8567
1749,564.08075,528.69824
1750,536.62006,533.77435
1751,514.65155,523.80994
1752,531.1279,516.1585
1753,533.87396,515.7816
1754,506.41336,514.7882
1755,508.24408,504.82867
1756,511.9055,498.3329
1757,505.49802,505.00214
1758,518.313,504.41727
1759,523.8051,512.1427
1760,525.6358,521.4353
1761,532.0433,525.82434
1762,543.9429,526.31793
1763,537.5354,528.9654
1764,536.62006,527.06885
1765,552.18115,526.31244
1766,469.79922,533.4507
1767,470.71457,504.83188
1768,465.22244,498.89786
1769,532.0433,494.7552
1770,515.5669,512.992
1771,515.5669,508.7508
1772,471.6299,508.35034
1773,464.3071,498.43634
1774,461.56104,494.3049
1775,456.98422,489.43906
1776,493.59842,485.43613
1777,514.65155,488.96545
1778,507.32874,495.6201
1779,489.02164,494.34952
1780,472.5453,488.6554
1781,478.0374,473.13867
1782,477.12204,472.99918
1783,515.5669,470.25388
1784,486.2756,489.13757
1785,468.88388,485.41345
1786,461.56104,480.14734
1787,486.2756,476.76517
1788,538.45074,483.82117
1789,519.22833,506.6531
1790,475.29135,501.52618
1791,461.56104,489.25052
1792,454.2382,486.9419
1793,467.9685,485.48395
1794,473.46063,489.5805
1795,483.52954,487.2527
1796,500.92126,489.3135
1797,527.4665,494.99976
1798,521.97437,502.88177
1799,496.34448,503.2078
1800,502.75195,493.93335
1801,472.5453,491.15475
1802,446.0,478.41794
1803,469.79922,465.30066
1804,446.91534,465.92517
1805,446.0,467.72073
1806,462.47638,472.99655
1807,520.1437,490.18158
1808,577.81104,576.46063
1809,739.82874,666.9312
1810,792.9193,773.6428
1811,799.3268,786.6775
1812,793.83466,780.83386
1813,807.565,777.5915
1814,823.126,779.69257
1815,770.0354,784.8492
1816,750.813,750.6484
1817,696.80707,706.5195
1818,621.74805,631.43225
1819,585.13385,572.22406
1820,550.3504,553.4898
1821,536.62006,537.9355
1822,544.8582,530.81586
1823,564.9961,528.2998
1824,569.5729,528.8914
1825,514.65155,528.7099
1826,506.41336,509.37018
1827,500.0059,500.8168
1828,500.92126,489.74704
1829,503.66733,495.39023
1830,504.58267,510.48383
1831,544.8582,540.8929
1832,675.75397,617.02814
1833,737.99805,741.7358
1834,756.3051,773.45044
1835,819.4646,770.0443
1836,783.76575,784.53687
1837,785.5965,772.26575
1838,779.189,778.1321
1839,792.00397,776.8362
1840,755.3898,770.0624
1841,726.09845,724.42395
1842,667.51575,662.7261
1843,640.97046,609.5335
1844,581.4725,587.1813
1845,556.7579,564.9068
1846,575.065,555.73175
1847,563.16534,554.40283
1848,561.33466,545.93054
1849,546.68896,540.4751
1850,527.4665,530.77014
1851,551.26575,518.9326
1852,549.43506,526.0528
1853,529.29724,527.7805
1854,519.22833,535.2124
1855,588.7953,559.17444
1856,651.9547,665.5719
1857,689.48425,735.8793
1858,776.44293,757.8077
1859,813.05707,788.8665
1860,760.8819,791.2095
1861,771.8661,770.29865
1862,760.8819,774.0616
1863,760.8819,764.1518
1864,753.559,749.1919
1865,689.48425,712.4367
1866,635.47833,639.8864
1867,590.626,590.7207
1868,565.91144,562.6372
1869,534.78937,553.1004
1870,543.0275,539.782
1871,523.8051,534.1712
1872,534.78937,526.33813
1873,507.32874,523.546
1874,498.1752,511.15738
1875,495.42914,504.54974
1876,500.0059,498.39996
1877,499.09055,496.33136
1878,517.39764,511.7101
1879,566.8268,562.9207
1880,690.3996,651.19946
1881,748.98224,755.136
1882,755.3898,781.9816
1883,769.12006,773.8575
1884,730.6752,771.5366
1885,796.58075,755.30585
1886,794.75,776.61383
1887,799.3268,771.87177
1888,693.1457,756.4704
1889,694.06104,673.7376
1890,665.68506,632.8956
1891,598.8642,604.7219
1892,543.0275,569.5054
1893,546.68896,544.8684
1894,553.0965,537.92456
1895,511.9055,533.50397
1896,556.7579,518.95233
1897,513.7362,521.507
1898,499.09055,507.8098
1899,497.25983,497.1793
1900,497.25983,492.27707
1901,493.59842,499.11655
1902,503.66733,514.5995
1903,559.50397,551.2634
1904,654.70074,642.51056
1905,701.38385,723.16095
1906,737.99805,744.5302
1907,754.47437,755.8615
1908,748.0669,755.7564
1909,751.72833,746.0535
1910,761.79724,747.7505
1911,749.89764,745.0611
1912,721.52167,720.597
1913,617.17126,670.4955
1914,624.4941,583.63794
1915,546.68896,566.9219
1916,535.7047,536.176
1917,539.3661,529.5041
1918,518.313,525.01697
1919,513.7362,516.96173
1920,511.9055,513.8696
1921,525.6358,508.3086
1922,551.26575,508.11337
1923,546.68896,514.04236
1924,511.9055,514.2026
1925,498.1752,509.51282
1926,509.15942,504.4748
1927,502.75195,510.19202
1928,545.7736,512.0832
1929,537.5354,527.2816
1930,523.8051,524.57935
1931,532.0433,519.6371
1932,525.6358,523.48456
1933,539.3661,521.38654
1934,545.7736,527.4975
1935,574.1496,528.8692
1936,545.7736,539.0418
1937,565.91144,530.85345
1938,554.9272,534.84204
1939,532.0433,530.89746
1940,536.62006,521.9998
1941,532.0433,519.74133
1942,534.78937,517.43066
1943,516.48224,517.2931
1944,517.39764,511.05533
1945,537.5354,508.23245
1946,513.7362,512.29144
1947,504.58267,502.8345
1948,521.059,498.1721
1949,532.0433,496.34564
1950,526.55115,503.64426
1951,524.72046,507.7458
1952,504.58267,509.0372
1953,511.9055,501.8502
1954,490.85236,505.34634
1955,516.48224,497.51007
1956,518.313,508.8774
1957,506.41336,511.06564
1958,539.3661,508.98877
1959,589.71063,523.228
1960,552.18115,546.0196
1961,568.6575,535.0258
1962,562.25,539.9058
1963,510.99014,536.9706
1964,521.059,522.0883
1965,536.62006,520.31287
1966,545.7736,521.0083
1967,550.3504,521.91595
1968,515.5669,519.5266
1969,500.0059,506.6815
1970,494.51376,498.5983
1971,492.68307,490.91638
1972,489.02164,487.0139
1973,512.82086,500.49115
1974,507.32874,533.6349
1975,562.25,555.1458
1976,625.4094,644.7974
1977,724.2677,712.73254
1978,722.437,763.91846
1979,765.4586,760.3195
1980,790.1733,772.70166
1981,792.00397,778.75507
1982,794.75,780.2059
1983,824.9567,779.0178
1984,800.2421,773.8424
1985,725.18304,741.075
1986,634.563,662.4381
1987,579.6417,591.1915
1988,551.26575,560.86115
1989,556.7579,545.5447
1990,534.78937,541.27704
1991,540.2815,528.7238
1992,525.6358,523.3739
1993,541.19684,516.8798
1994,545.7736,517.302
1995,516.48224,515.7462
1996,509.15942,502.01276
1997,518.313,508.70178
1998,532.0433,528.2224
1999,575.065,576.26074
2000,630.90155,655.8057
2001,689.48425,715.13324
2002,730.6752,745.35925
2003,751.72833,754.82874
2004,742.57477,758.9067
2005,748.98224,754.05133
2006,788.3425,757.0112
2007,772.7815,769.2058
2008,757.22046,752.4573
2009,749.89764,721.17053
2010,670.26184,682.0343
2011,635.47833,616.38464
2012,589.71063,589.5808
2013,587.87994,566.0099
2014,575.98035,561.79987
2015,583.30316,553.9824
2016,602.5256,551.1792
2017,573.23425,557.31555
2018,551.26575,544.9313
2019,574.1496,534.594
2020,544.8582,545.2479
2021,550.3504,531.68335
2022,534.78937,552.97815
2023,596.1181,571.2468
2024,654.70074,666.67346
2025,741.6594,729.32294
2026,764.5433,779.1805
2027,776.44293,785.1951
2028,753.559,777.5766
2029,756.3051,769.0428
2030,753.559,769.328
2031,744.4055,764.5865
2032,767.28937,741.72034
2033,713.28345,718.03296
2034,614.4252,652.2429
2035,589.71063,585.20026
2036,530.2126,566.22144
2037,543.0275,544.73535
2038,541.19684,542.3392
2039,519.22833,535.18494
2040,517.39764,524.3226
2041,521.97437,519.37836
2042,503.66733,515.0852
2043,492.68307,507.34952
2044,500.92126,496.5896
2045,490.85236,496.82928
2046,491.7677,511.0325
2047,598.8642,543.6843
2048,661.1083,684.79706
2049,721.52167,740.69476
2050,772.7815,768.11
2051,776.44293,776.60974
2052,770.95074,769.33826
2053,775.5276,769.84204
2054,774.61224,769.531
2055,763.6279,765.6131
2056,733.42126,743.29456
2057,701.38385,690.8134
2058,631.8169,640.044
2059,589.71063,587.9946
2060,582.3878,562.5836
2061,597.03345,555.46204
2062,511.9055,553.6239
2063,558.5886,525.9392
2064,543.0275,529.697
2065,493.59842,522.0247
2066,497.25983,504.35794
2067,487.19095,495.6701
2068,503.66733,487.39926
2069,488.1063,500.4637
2070,510.0748,508.1193
2071,564.08075,558.19495
2072,620.83264,642.4868
2073,730.6752,696.44116
2074,760.8819,763.84766
2075,768.2047,765.9772
2076,728.8445,761.01666
2077,741.6594,741.17206
2078,715.1142,745.1718
2079,777.3583,725.5952
2080,719.6909,729.74414
2081,629.07086,672.7453
2082,595.20276,587.31665
2083,522.8898,556.5851
2084,514.65155,530.911
2085,519.22833,522.4992
2086,521.97437,516.8574
2087,527.4665,514.687
2088,525.6358,514.6285
2089,526.55115,510.40274
2090,536.62006,510.5898
2091,542.1122,510.47202
2092,502.75195,510.57846
2093,537.5354,505.61325
2094,534.78937,513.10803
2095,506.41336,521.6601
2096,511.9055,517.71985
2097,509.15942,517.70026
2098,519.22833,510.75284
2099,519.22833,513.3259
2100,513.7362,513.97504
2101,507.32874,513.15564
2102,546.68896,514.1587
2103,528.3819,527.29956
2104,523.8051,522.1099
2105,554.9272,518.5508
2106,536.62006,525.7581
2107,542.1122,521.8599
2108,518.313,522.2851
2109,505.49802,513.64545
2110,506.41336,508.8921
2111,530.2126,506.94778
2112,524.72046,508.7866
2113,536.62006,507.05798
2114,525.6358,508.81165
2115,501.8366,504.9126
2116,510.0748,498.1414
2117,513.7362,491.8717
2118,502.75195,493.26028
2119,508.24408,490.9496
2120,483.52954,494.86383
2121,489.02164,486.20508
2122,480.78348,491.2359
2123,505.49802,487.6993
2124,515.5669,497.96738
2125,489.02164,505.47134
2126,513.7362,497.2059
2127,533.87396,508.9185
2128,514.65155,520.1357
2129,549.43506,515.47076
2130,546.68896,526.3111
2131,512.82086,524.9837
2132,500.92126,515.4279
2133,523.8051,508.37988
2134,564.08075,511.90955
2135,544.8582,523.49115
2136,553.0965,515.3411
2137,513.7362,515.2392
2138,490.85236,501.38626
2139,479.8681,490.49295
2140,493.59842,481.97565
2141,486.2756,498.47275
2142,512.82086,503.73462
2143,553.0965,546.5587
2144,613.5098,631.16406
2145,692.23035,701.0576
2146,710.5374,748.1381
2147,760.8819,752.37146
2148,698.6378,767.86847
2149,707.7913,736.97577
2150,666.6004,736.94244
2151,701.38385,704.1816
2152,656.5315,697.56604
2153,657.44684,635.96735
2154,639.1398,603.0496
2155,584.2185,580.56885
2156,589.71063,552.178
2157,588.7953,551.30066
2158,561.33466,548.6188
2159,518.313,534.7961
2160,486.2756,516.803
2161,490.85236,498.3887
2162,488.1063,494.01993
2163,483.52954,486.92358
2164,490.85236,482.36722
2165,530.2126,490.66684
2166,513.7362,524.04517
2167,558.5886,543.6916
2168,692.23035,609.1553
2169,707.7913,734.33704
2170,737.08264,740.65375
2171,735.25195,752.89874
2172,711.45276,746.99445
2173,719.6909,728.5647
2174,717.8602,734.4583
2175,712.3681,724.46545
2176,717.8602,704.6462
2177,671.1772,676.2355
2178,614.4252,620.9225
2179,594.2874,582.38525
2180,575.065,563.43256
2181,575.98035,552.9507
2182,550.3504,549.1139
2183,542.1122,534.18787
2184,554.9272,527.48096
2185,523.8051,529.1212
2186,515.5669,516.61316
2187,499.09055,507.64087
2188,501.8366,498.94702
2189,521.059,501.10312
2190,522.8898,529.19543
2191,542.1122,564.35345
2192,619.00195,608.1364
2193,724.2677,683.6106
2194,719.6909,754.7546
2195,738.9134,746.1612
2196,741.6594,749.31903
2197,734.3366,748.51
2198,705.0453,743.04315
2199,715.1142,724.8916
2200,715.1142,707.042
2201,708.7067,673.15265
2202,640.0551,635.71783
2203,575.065,585.98016
2204,560.4193,554.5401
2205,517.39764,543.78033
2206,541.19684,529.06805
2207,548.5197,528.8409
2208,534.78937,524.9172
2209,510.99014,519.573
2210,523.8051,510.8392
2211,489.02164,508.62756
2212,509.15942,495.35834
2213,481.69882,502.66098
2214,498.1752,500.47513
2215,532.0433,538.50903
2216,618.0866,608.2911
2217,705.96063,704.9962
2218,738.9134,758.85834
2219,756.3051,760.2734
2220,759.9665,758.73596
2221,719.6909,755.52277
2222,752.6437,742.8904
2223,792.00397,750.31665
2224,744.4055,753.1562
2225,662.0236,708.6584
2226,654.70074,626.1873
2227,561.33466,596.96954
2228,564.9961,555.3826
2229,589.71063,547.11993
2230,564.08075,548.2725
2231,528.3819,537.5673
2232,545.7736,522.78436
2233,496.34448,521.53876
2234,488.1063,505.77475
2235,483.52954,494.3996
2236,483.52954,484.12637
2237,493.59842,488.5936
2238,493.59842,503.7622
2239,537.5354,530.68195
2240,644.6319,614.699
2241,683.9921,713.1113
2242,722.437,727.66486
2243,734.3366,740.81415
2244,768.2047,741.0403
2245,744.4055,751.4611
2246,736.1673,745.49817
2247,746.2362,735.3906
2248,744.4055,715.0686
2249,692.23035,681.65326
2250,659.2776,622.90314
2251,563.16534,586.3669
2252,543.9429,545.7875
2253,541.19684,535.5812
2254,508.24408,528.7575
2255,502.75195,516.72644
2256,527.4665,509.57068
2257,530.2126,511.05118
2258,519.22833,511.25034
2259,502.75195,504.7193
2260,507.32874,496.4329
2261,519.22833,505.94885
2262,480.78348,507.6051
2263,485.36023,499.97714
2264,495.42914,503.56732
2265,478.95276,507.2892
2266,515.5669,501.8401
2267,497.25983,511.55804
2268,488.1063,504.15036
2269,500.0059,501.31415
2270,532.9586,505.96664
2271,512.82086,519.0158
2272,529.29724,514.7377
2273,535.7047,517.7727
2274,504.58267,519.78577
2275,504.58267,509.81885
2276,502.75195,505.9834
2277,516.48224,504.24564
2278,502.75195,506.00955
2279,488.1063,500.5886
2280,498.1752,494.26898
2281,493.59842,495.01822
2282,487.19095,491.0678
2283,501.8366,487.27087
2284,517.39764,489.43527
2285,508.24408,486.43018
2286,512.82086,487.82553
2287,511.9055,492.90436
2288,463.39175,496.18423
2289,472.5453,476.8954
2290,509.15942,478.3922
2291,509.15942,494.62476
2292,510.0748,499.0706
2293,479.8681,502.37146
2294,496.34448,491.90152
2295,487.19095,499.38263
2296,556.7579,497.13638
2297,529.29724,522.25134
2298,498.1752,516.6308
2299,507.32874,506.59332
2300,511.9055,508.62424
2301,537.5354,509.7683
2302,518.313,514.44086
2303,514.65155,506.27557
2304,489.02164,501.31747
2305,468.88388,491.5783
2306,477.12204,480.2114
2307,466.13782,478.4026
2308,464.3071,469.58432
2309,483.52954,473.48746
2310,474.37598,500.94443
2311,559.50397,514.7347
2312,662.0236,643.18756
2313,730.6752,737.72235
2314,739.82874,771.65564
2315,795.66534,767.05145
2316,792.00397,778.79065
2317,796.58075,781.0286
2318,737.99805,781.7173
2319,719.6909,756.04803
2320,773.6969,716.87317
2321,749.89764,708.1024
2322,660.19293,661.5265
2323,619.9173,596.94446
2324,566.8268,569.1037
2325,550.3504,549.332
2326,535.7047,542.1191
2327,551.26575,528.53235
2328,525.6358,525.6063
2329,516.48224,515.93494
2330,510.0748,507.2753
2331,509.15942,500.18066
2332,506.41336,496.5511
2333,517.39764,503.07983
2334,528.3819,522.4779
2335,596.1181,567.07715
2336,686.7382,667.7232
2337,793.83466,754.32275
2338,756.3051,805.2803
2339,748.98224,778.4112
2340,800.2421,762.0913
2341,779.189,781.2574
2342,796.58075,777.1678
2343,831.3642,787.7365
2344,826.7874,787.4627
2345,793.83466,757.45917
2346,713.28345,706.8569
2347,629.9862,641.37976
2348,596.1181,597.6352
2349,584.2185,577.9103
2350,546.68896,569.19684
2351,554.01184,553.52795
2352,532.0433,544.43427
2353,543.0275,534.4194
2354,533.87396,532.56836
2355,541.19684,523.0729
2356,528.3819,521.5874
2357,532.0433,519.77435
2358,532.0433,541.4631
2359,589.71063,580.5548
2360,698.6378,675.2372
2361,768.2047,771.20123
2362,795.66534,797.4618
2363,849.67126,802.48047
2364,836.8563,811.86017
2365,806.6496,806.3377
2366,831.3642,803.15125
2367,792.9193,808.9182
2368,814.8878,780.10754
2369,719.6909,751.16144
2370,680.33075,657.82184
2371,591.5413,612.01605
2372,586.9646,573.3977
2373,604.3563,565.1065
2374,603.4409,566.70435
2375,568.6575,560.767
2376,577.81104,548.0913
2377,565.91144,546.0377
2378,554.01184,538.8156
2379,551.26575,532.25665
2380,565.91144,526.4067
2381,571.40356,537.38275
2382,575.065,575.88654
2383,609.84845,636.42114
2384,662.939,712.6747
2385,758.1358,756.4638
2386,809.3957,800.4714
2387,819.4646,810.0088
2388,785.5965,803.7803
2389,833.1949,788.56494
2390,829.53345,794.79785
2391,782.8504,791.47314
2392,737.08264,759.0813
2393,752.6437,703.7987
2394,651.03937,668.5466
2395,629.9862,605.9681
2396,617.17126,586.711
2397,579.6417,575.6694
2398,559.50397,560.02216
2399,564.9961,546.617
2400,584.2185,539.60065
2401,548.5197,540.8585
2402,537.5354,527.46765
2403,530.2126,519.65265
2404,534.78937,516.2842
2405,521.97437,527.105
2406,534.78937,541.97473
2407,600.6949,593.8925
2408,692.23035,690.6272
2409,759.05115,760.6398
2410,836.8563,793.016
2411,803.90356,810.19366
2412,835.9409,788.9503
2413,831.3642,795.5685
2414,799.3268,795.2544
2415,780.1044,778.1755
2416,765.4586,755.2506
2417,698.6378,705.4619
2418,611.67914,633.30597
2419,602.5256,577.7825
2420,561.33466,564.8968
2421,579.6417,551.7742
2422,562.25,550.9281
2423,537.5354,543.05817
2424,523.8051,532.8978
2425,552.18115,523.7356
2426,548.5197,525.16455
2427,527.4665,522.07666
2428,516.48224,513.0788
2429,520.1437,511.34967
2430,521.97437,514.57446
2431,529.29724,519.02875
2432,530.2126,527.6465
2433,546.68896,532.0609
2434,545.7736,537.65466
2435,525.6358,535.76825
2436,551.26575,528.96643
2437,577.81104,538.1656
2438,601.6102,548.1331
2439,575.98035,559.25836
2440,571.40356,547.81146
2441,617.17126,542.5822
2442,583.30316,558.09033
2443,566.8268,546.441
2444,528.3819,538.1062
2445,527.4665,524.5576
2446,541.19684,521.85925
2447,564.08075,523.20264
2448,539.3661,526.08386
2449,539.3661,519.26324
2450,543.9429,516.8281
2451,545.7736,516.4667
2452,520.1437,518.1276
2453,527.4665,505.0279
2454,516.48224,507.83337
2455,493.59842,505.49026
2456,495.42914,497.4316
2457,503.66733,497.60623
2458,541.19684,503.07767
2459,526.55115,523.4155
2460,521.059,517.8551
2461,510.99014,517.6002
2462,525.6358,515.709
2463,520.1437,522.8943
2464,568.4878,559.79474
2465,480.02438,549.9205
2466,477.75607,523.04913
2467,526.5244,511.9684
2468,523.12195,515.1785
2469,519.71954,510.5744
2470,483.42682,502.31293
2471,485.6951,485.01578
2472,501.57318,492.89398
2473,512.9147,504.65295
2474,584.36584,539.295
2475,715.9268,649.4655
2476,858.8293,771.2725
2477,896.2561,832.59607
2478,871.3049,834.8809
2479,870.1707,822.575
2480,876.9756,819.083
2481,862.2317,826.23157
2482,866.7683,829.6766
2483,849.7561,823.5454
2484,827.0732,787.9649
2485,734.0732,722.0904
2486,670.561,647.0747
2487,635.40247,612.654
2488,610.45123,595.5898
2489,536.7317,584.82935
2490,542.4024,562.70264
2491,608.1829,552.5733
2492,574.15857,561.05365
2493,551.4756,549.9908
2494,569.62195,536.2332
2495,585.5,537.1509
2496,584.36584,548.81586
2497,573.0244,595.01306
2498,634.2683,649.46826
2499,715.9268,747.85724
2500,731.8049,805.776
2501,899.6585,812.4339
2502,895.12195,856.9133
2503,882.6463,844.91254
2504,911.0,836.7083
2505,886.04877,843.2866
2506,874.70734,834.2167
2507,878.10974,822.7862
2508,859.96344,795.5221
2509,731.8049,746.72815
2510,668.2927,655.1714
2511,647.87805,611.625
2512,586.63416,599.80273
2513,567.3537,579.03467
2514,583.2317,568.4334
2515,554.878,564.1438
2516,563.95123,550.06464
2517,544.6707,545.5378
2518,542.4024,535.6763
2519,557.14636,534.4706
2520,548.0731,530.5265
2521,516.3171,549.39075
2522,585.5,575.1495
2523,715.9268,677.962
2524,849.7561,794.6376
2525,887.1829,847.3246
2526,900.79266,847.4185
2527,882.6463,836.6228
2528,869.03656,826.32635
2529,844.0853,825.1361
2530,859.96344,819.57635
2531,890.5853,812.3507
2532,766.9634,786.18036
2533,653.54877,688.4054
2534,634.2683,614.0742
2535,570.7561,592.3621
2536,593.439,570.8579
2537,565.0854,568.9709
2538,561.6829,550.40765
2539,556.0122,541.61725
2540,563.95123,535.4857
2541,575.29266,531.65924
2542,579.8293,532.5365
2543,536.7317,530.02057
2544,556.0122,526.4372
2545,550.34143,569.00073
2546,553.7439,630.95575
2547,546.939,684.75885
2548,636.53656,693.6674
2549,604.78046,745.5694
2550,667.1585,698.39056
2551,632.0,720.9794
2552,658.0853,691.6746
2553,662.62195,690.4128
2554,672.8293,684.4573
2555,633.13416,668.1632
2556,626.3293,622.85767
2557,635.40247,591.6773
2558,537.86584,582.9532
2559,502.70734,537.2137
2560,529.9268,514.67554
2561,544.6707,516.3554
2562,521.9878,519.61554
2563,526.5244,510.7993
2564,528.79266,508.40854
2565,510.64636,511.53537
2566,520.85364,506.42422
2567,512.9147,508.8086
2568,516.3171,506.6989
2569,509.5122,505.6543
2570,539.0,506.62274
2571,506.10977,521.45654
2572,534.4634,510.67917
2573,527.6585,518.666
2574,590.03656,517.26385
2575,591.1707,544.6885
2576,532.1951,548.4697
2577,587.7683,528.0661
2578,528.79266,550.0965
2579,517.45123,527.0509
2580,524.2561,520.4544
2581,497.03662,518.73114
2582,473.2195,508.19336
2583,466.41464,502.31522
2584,486.82925,496.46738
2585,487.96338,499.3483
2586,484.56094,499.03827
2587,502.70734,494.34637
2588,512.9147,498.23715
2589,477.75607,499.10217
2590,515.1829,490.4836
2591,487.96338,498.60257
2592,482.29266,483.58224
2593,473.2195,480.09506
2594,446.0,475.21533
2595,451.67072,466.23465
2596,448.26828,466.62854
2597,481.1585,465.93707
2598,517.45123,480.99927
2599,498.17075,499.90717
2600,504.97562,495.18854
2601,562.8171,503.2243
2602,527.6585,529.23474
2603,495.9024,519.0971
2604,508.37805,507.33865
2605,529.9268,506.9375
2606,550.34143,515.1869
2607,519.71954,521.8571
2608,559.4147,510.74457
2609,537.86584,520.2891
2610,525.39026,514.306
2611,508.37805,508.7104
2612,516.3171,499.44104
2613,477.75607,497.09293
2614,492.49997,484.2714
2615,498.17075,483.2297
2616,497.03662,504.25052
2617,498.17075,514.5484
2618,558.2805,532.54376
2619,643.34143,629.77734
2620,786.24396,719.7379
2621,790.7805,790.2237
2622,823.6707,790.1685
2623,813.46344,794.7049
2624,866.7683,791.21954
2625,870.1707,804.3956
2626,842.9512,810.44965
2627,825.939,791.2238
2628,697.7805,757.4073
2629,627.46344,649.7108
2630,570.7561,590.1639
2631,559.4147,560.27185
2632,539.0,550.9713
2633,525.39026,540.50494
2634,501.57318,528.14844
2635,523.12195,516.51154
2636,510.64636,515.90314
2637,475.4878,506.28833
2638,490.2317,489.8607
2639,498.17075,482.1022
2640,490.2317,496.5883
2641,477.75607,511.9365
2642,532.1951,531.63086
2643,613.8537,605.4295
2644,772.63416,693.9525
2645,793.0488,788.55457
2646,791.9147,785.30383
2647,787.37805,776.8169
2648,829.34143,774.24146
2649,783.97565,788.9485
2650,803.2561,782.54126
2651,816.86584,779.04614
2652,752.21954,759.3292
2653,637.6707,686.1833
2654,624.061,599.59436
2655,560.5488,580.1428
2656,539.0,557.39606
2657,531.061,546.7241
2658,537.86584,536.0878
2659,517.45123,532.6009
2660,494.76825,522.8668
2661,500.43906,510.66754
2662,503.8415,504.55008
2663,498.17075,497.34924
2664,536.7317,494.92975
2665,497.03662,531.1476
2666,542.4024,538.8875
2667,690.9756,611.5223
2668,785.1098,754.799
2669,827.0732,799.0465
2670,820.2683,804.9097
2671,815.7317,794.3899
2672,881.5122,792.6057
2673,832.7439,813.10724
2674,850.89026,805.52313
2675,855.4268,801.47156
2676,732.939,764.83374
2677,656.95123,660.64716
2678,590.03656,604.04425
2679,580.96344,568.9562
2680,575.29266,564.16296
2681,560.5488,558.52673
2682,534.4634,547.0066
2683,568.4878,535.5209
2684,558.2805,537.97894
2685,525.39026,534.259
2686,510.64636,519.2469
2687,533.3293,505.48526
2688,514.04877,510.8545
2689,541.26825,526.35675
2690,612.71954,600.1367
2691,679.63416,705.58826
2692,892.85364,762.4188
2693,841.817,840.03503
2694,888.3171,814.24835
2695,832.7439,822.1802
2696,863.36584,806.7238
2697,840.6829,811.5079
2698,813.46344,809.35657
2699,786.24396,778.48175
2700,712.52435,725.4575
2701,663.7561,642.0201
2702,620.65857,603.0472
2703,609.317,583.21857
2704,568.4878,572.655
2705,531.061,558.0559
2706,557.14636,538.8258
2707,561.6829,536.37775
2708,499.3049,531.68164
2709,483.42682,511.1148
2710,478.89023,497.6761
2711,515.1829,485.60608
2712,497.03662,510.44403
2713,499.3049,524.84265
2714,586.63416,568.06256
2715,712.52435,688.51013
2716,754.4878,775.4403
2717,788.5122,791.9826
2718,796.45123,791.2062
2719,768.09753,783.76263
2720,780.5731,771.2171
2721,795.3171,776.78033
2722,802.12195,774.9917
2723,765.8293,755.41125
2724,633.13416,702.6728
2725,602.51215,598.28265
2726,525.39026,568.0022
2727,517.45123,537.5503
2728,576.4268,530.3118
2729,491.3658,539.0102
2730,542.4024,515.3945
2731,520.85364,523.20953
2732,514.04877,514.3335
2733,492.49997,509.2391
2734,523.12195,496.57913
2735,468.68292,499.30124
2736,477.75607,497.58795
2737,463.0122,497.2375
2738,472.08536,495.28833
2739,493.63412,501.52936
2740,483.42682,503.66287
2741,535.59753,499.44537
2742,524.2561,516.3761
2743,532.1951,517.0357
2744,543.53656,523.2516
2745,501.57318,531.4276
2746,533.3293,513.83795
2747,497.03662,521.0802
2748,508.37805,507.516
2749,506.10977,507.5247
2750,526.5244,505.49182
2751,539.0,509.8748
2752,516.3171,515.0058
2753,514.04877,507.0213
2754,483.42682,506.1689
2755,495.9024,497.38095
2756,480.02438,496.06265
2757,483.42682,490.2206
2758,482.29266,486.83746
2759,474.35364,484.4451
2760,504.97562,472.4276
2761,487.96338,482.5129
2762,474.35364,479.19876
2763,498.17075,475.0916
2764,475.4878,488.60614
2765,474.35364,482.18933
2766,451.67072,485.46045
2767,477.75607,475.8342
2768,480.02438,485.69278
2769,506.10977,488.40402
2770,501.57318,497.53888
2771,550.34143,499.80048
2772,527.6585,519.4482
2773,511.7805,515.98083
2774,515.1829,512.3319
2775,539.0,510.75296
2776,548.0731,517.8049
2777,554.878,519.6304
2778,498.17075,519.3131
2779,550.34143,499.8019
2780,527.6585,511.1102
2781,506.10977,502.02457
2782,481.1585,492.52902
2783,478.89023,478.5827
2784,475.4878,484.89697
2785,485.6951,501.48172
2786,546.939,523.6675
2787,647.87805,619.3916
2788,752.21954,720.66895
2789,794.1829,777.14044
2790,837.28046,785.89636
2791,812.3293,793.0405
2792,796.45123,788.2851
2793,783.97565,785.0168
2794,779.439,781.37286
2795,816.86584,762.2907
2796,757.89026,745.05
2797,626.3293,679.68835
2798,545.8049,587.74176
2799,523.12195,549.45905
2800,504.97562,537.7242
2801,486.82925,527.9849
2802,477.75607,512.0052
2803,477.75607,501.22797
2804,464.14633,496.23178
2805,455.07318,486.94504
2806,455.07318,476.5239
2807,451.67072,467.49084
2808,465.2805,469.6822
2809,478.89023,481.49362
2810,562.8171,516.3105
2811,656.95123,635.0619
2812,706.85364,728.24335
2813,777.1707,751.40955
2814,859.96344,768.858
2815,846.3537,787.5365
2816,838.4146,788.0513
2817,799.8537,794.2961
2818,771.5,785.83276
2819,731.8049,764.6941
2820,644.4756,711.6303
2821,659.2195,609.90356
2822,603.6463,591.0056
2823,535.59753,561.9693
2824,491.3658,540.8056
2825,477.75607,524.35297
2826,470.9512,514.1073
2827,499.3049,507.4779
2828,463.0122,504.7182
2829,450.53656,488.1682
2830,474.35364,480.0005
2831,447.13412,480.54468
2832,446.0,476.10693
2833,447.13412,476.46246
2834,459.60977,485.98373
2835,487.96338,512.20734
2836,489.09753,554.2646
2837,519.71954,557.24146
2838,526.5244,576.7368
2839,584.36584,567.4633
2840,586.63416,601.56793
2841,630.86584,597.32056
2842,655.8171,625.6352
2843,611.5854,640.29486
2844,629.7317,599.36066
2845,594.5732,597.4518
2846,515.1829,558.8007
2847,493.63412,513.0101
2848,501.57318,496.31805
2849,464.14633,490.65985
2850,464.14633,479.40823
2851,477.75607,473.0227
2852,474.35364,473.20126
2853,481.1585,474.0548
2854,460.7439,474.30017
2855,463.0122,469.00897
2856,466.41464,481.98215
2857,470.9512,491.20297
2858,504.97562,508.94025
2859,629.7317,565.99945
2860,722.7317,698.33484
2861,770.36584,751.90857
2862,807.79266,766.19666
2863,808.9268,772.77484
2864,797.5854,768.34076
2865,795.3171,768.9348
2866,813.46344,768.02856
2867,807.79266,761.56964
2868,715.9268,732.66956
2869,639.939,649.53705
2870,613.8537,589.81714
2871,599.10974,569.0499
2872,559.4147,559.35706
2873,563.95123,544.2301
2874,560.5488,537.10223
2875,545.8049,531.91113
2876,519.71954,525.78644
2877,497.03662,513.3643
2878,510.64636,498.70435
2879,528.79266,496.1227
2880,468.0,493.60248
2881,457.0,491.48633
2882,459.0,486.99454
2883,467.0,484.48447
2884,470.0,486.93713
2885,513.0,489.31094
2886,566.0,504.6585
2887,538.0,531.5939
2888,528.0,524.8402
2889,524.0,521.55084
2890,499.00003,516.9804
2891,499.00003,506.57562
2892,548.0,504.06348
2893,521.0,517.43774
2894,489.99997,510.807
2895,490.99997,500.99292
2896,499.00003,498.27094
2897,480.0,499.05795
2898,481.0,492.19156
2899,471.0,489.44388
2900,483.99997,485.08807
2901,452.99997,487.11545
2902,498.00003,477.7343
2903,477.0,487.29837
2904,503.00003,470.65753
2905,487.99997,478.16425
2906,483.99997,476.5015
2907,482.99997,478.59903
2908,461.0,482.3333
2909,495.99997,475.9706
2910,472.0,490.5635
2911,493.99997,480.4808
2912,499.00003,488.87918
2913,504.00003,495.35284
2914,532.0,497.9294
2915,518.0,512.27264
2916,541.0,509.19818
2917,544.0,518.06744
2918,536.0,520.94464
2919,485.99997,518.18494
2920,525.0,503.57346
2921,523.0,508.11383
2922,505.00003,506.817
2923,467.0,498.78262
2924,463.0,482.01477
2925,459.0,475.69534
2926,481.99997,469.6106
2927,461.0,472.15054
2928,455.0,474.62265
2929,466.0,478.59915
2930,504.00003,499.5708
2931,575.0,568.15497
2932,673.0,670.184
2933,674.0,740.69904
2934,708.0,735.072
2935,737.0,744.3815
2936,732.0,752.2753
2937,689.0,746.6388
2938,649.0,721.13794
2939,675.0,668.567
2940,645.0,654.11566
2941,582.0,603.6744
2942,525.0,552.2036
2943,513.0,521.7448
2944,493.99997,512.07367
2945,525.0,503.60257
2946,520.0,506.3597
2947,502.00003,501.2637
2948,483.99997,495.57248
2949,464.0,486.89383
2950,456.0,476.46866
2951,468.0,467.59518
2952,464.0,472.1432
2953,474.0,475.7513
2954,492.99997,494.25363
2955,587.0,522.6208
2956,699.0,630.0103
2957,720.0,724.0741
2958,744.0,725.0505
2959,771.0,728.03375
2960,798.0,739.18317
2961,721.0,756.4483
2962,702.0,729.60736
2963,742.0,704.8335
2964,736.0,696.5149
2965,651.0,654.55396
2966,603.0,589.5549
2967,581.0,558.638
2968,478.0,548.709
2969,502.00003,520.51874
2970,488.99997,516.24615
2971,510.0,505.53528
2972,472.0,507.19675
2973,446.0,493.63544
2974,451.99997,479.02045
2975,460.0,472.87006
2976,458.0,474.95105
2977,488.99997,476.81052
2978,511.0,506.91125
2979,551.0,548.9903
2980,761.0,620.2964
2981,731.0,775.7384
2982,776.0,753.58936
2983,751.0,761.5244
2984,755.0,746.48737
2985,889.0,748.62164
2986,832.0,797.79816
2987,759.0,780.2438
2988,763.0,726.7813
2989,717.0,672.6238
2990,655.0,618.5181
2991,608.0,587.32513
2992,545.0,560.71387
2993,574.0,544.5103
2994,531.0,547.5003
2995,561.0,530.84143
2996,526.0,533.51215
2997,508.0,519.9074
2998,507.00003,511.6736
2999,509.0,502.49393
3000,536.0,496.88116
3001,531.0,526.46954
3002,572.0,558.56067
3003,626.0,652.14764
3004,689.0,709.34973
3005,768.0,749.2866
3006,793.0,789.3605
3007,831.0,788.0131
3008,852.0,796.02795
3009,846.0,796.4419
3010,853.0,790.5566
3011,820.0,786.95197
3012,691.0,756.7418
3013,654.0,664.5232
3014,644.0,610.5172
3015,589.0,588.0859
3016,598.0,566.0721
3017,564.0,559.7591
3018,546.0,544.7356
3019,552.0,536.0862
3020,504.00003,529.7471
3021,484.99997,510.94186
3022,481.99997,498.12775
3023,499.00003,488.30557
3024,513.0,499.751
3025,451.0,522.927
3026,542.0,504.2891
3027,618.0,606.2718
3028,691.0,698.596
3029,765.0,750.16156
3030,815.0,775.9867
3031,822.0,784.88654
3032,783.0,785.0271
3033,789.0,769.264
3034,846.0,770.923
3035,819.0,774.0582
3036,736.0,739.96014
3037,621.0,666.9143
3038,542.0,581.4683
3039,569.0,544.7605
3040,551.0,547.20605
3041,502.00003,537.4235
3042,516.0,520.5774
3043,485.99997,517.02704
3044,516.0,508.47052
3045,497.00003,509.98816
3046,497.00003,498.193
3047,498.00003,493.25507
3048,507.00003,502.77673
3049,508.0,502.21848
3050,485.99997,508.41132
3051,506.00003,507.55356
3052,519.0,514.52484
3053,533.0,518.4146
3054,575.0,521.0249
3055,581.0,539.73114
3056,538.0,547.4979
3057,574.0,534.5477
3058,604.0,545.48065
3059,605.0,556.8688
3060,608.0,557.81885
3061,599.0,554.09515
3062,569.0,549.6824
3063,506.00003,539.6412
3064,553.0,518.3055
3065,546.0,525.6511
3066,540.0,522.96326
3067,513.0,519.1814
3068,506.00003,510.58423
3069,525.0,506.20923
3070,533.0,509.02994
3071,499.00003,510.33875
3072,523.0,493.36096
3073,548.0,498.54675
3074,545.0,513.48315
3075,523.0,527.5366
3076,512.0,518.9549
3077,499.00003,511.37335
3078,547.0,506.61838
3079,537.0,527.0679
3080,572.0,525.4486
3081,591.0,545.29156
3082,651.0,556.9264
3083,580.0,586.3903
3084,596.0,557.3285
3085,586.0,558.3772
3086,559.0,553.5351
3087,486.99997,543.8564
3088,544.0,519.19775
3089,545.0,527.55457
3090,531.0,526.1772
3091,546.0,519.94556
3092,506.00003,516.4133
3093,483.99997,504.7573
3094,485.99997,494.38873
3095,502.00003,489.3281
3096,525.0,514.013
3097,481.0,554.5185
3098,539.0,522.46576
3099,568.0,613.9862
3100,785.0,658.488
3101,826.0,792.02454
3102,883.0,802.36304
3103,717.0,812.3782
3104,842.0,759.3582
3105,911.0,794.9767
3106,882.0,821.8615
3107,883.0,811.50256
3108,792.0,796.07294
3109,683.0,705.33484
3110,587.0,616.6672
3111,586.0,571.23773
3112,558.0,563.83673
3113,566.0,554.78436
3114,567.0,545.9889
3115,573.0,540.6577
3116,518.0,538.60504
3117,525.0,520.2805
3118,519.0,517.06616
3119,523.0,501.33783
3120,540.0,509.78406
3121,536.0,533.7662
3122,576.0,599.78094
3123,622.0,691.2329
3124,752.0,728.32056
3125,784.0,801.1232
3126,838.0,796.6226
3127,842.0,806.4574
3128,794.0,809.2701
3129,788.0,795.3351
3130,786.0,794.7057
3131,763.0,781.98773
3132,704.0,746.8494
3133,671.0,664.7235
3134,626.0,614.275
3135,553.0,587.6174
3136,544.0,558.96686
3137,532.0,551.55566
3138,548.0,542.57654
3139,563.0,538.6417
3140,537.0,537.7455
3141,508.0,526.9332
3142,514.0,514.43335
3143,505.00003,509.79587
3144,527.0,506.50943
3145,539.0,528.5875
3146,546.0,569.6862
3147,628.0,622.7286
3148,684.0,717.3186
3149,781.0,750.3557
3150,839.0,788.3818
3151,838.0,799.4155
3152,776.0,794.0886
3153,769.0,773.68164
3154,776.0,767.96124
3155,770.0,758.3022
3156,726.0,725.41595
3157,653.0,659.4415
3158,608.0,594.0008
3159,554.0,567.4336
3160,533.0,549.70685
3161,516.0,540.284
3162,508.0,530.5506
3163,472.0,521.28864
3164,460.0,506.43207
3165,451.99997,495.67886
3166,451.0,486.07187
3167,449.0,480.40305
3168,462.0,468.96085
3169,473.0,478.09888
3170,548.0,506.92773
3171,637.0,624.56445
3172,765.0,724.4097
3173,829.0,786.147
3174,848.0,797.571
3175,791.0,794.3561
3176,782.0,778.99713
3177,821.0,776.3803
3178,764.0,785.7721
3179,751.0,755.41156
3180,671.0,711.1517
3181,677.0,621.72125
3182,621.0,599.1688
3183,571.0,572.9533
3184,554.0,552.6687
3185,538.0,542.99854
3186,524.0,531.6609
3187,517.0,521.34375
3188,514.0,512.5889
3189,511.0,504.20474
3190,510.0,500.65173
3191,511.0,494.01538
3192,527.0,500.88596
3193,537.0,527.3614
3194,600.0,584.9963
3195,723.0,690.0043
3196,853.0,777.0224
3197,847.0,818.9225
3198,860.0,808.41656
3199,866.0,805.50226
3200,859.0,805.16406
3201,886.0,801.74255
3202,887.0,809.8511
3203,851.0,791.7396
3204,748.0,740.54913
3205,677.0,649.65063
3206,621.0,600.822
3207,571.0,578.63324
3208,554.0,562.4616
3209,538.0,554.12164
3210,524.0,543.183
3211,511.0,533.5264
3212,503.00003,525.72504
3213,481.0,516.1616
3214,500.00003,502.2427
3215,501.00003,497.2486
3216,487.99997,506.5867
3217,495.99997,503.19266
3218,561.0,509.16608
3219,548.0,543.7652
3220,559.0,545.43396
3221,548.0,546.3241
3222,564.0,539.2642
3223,569.0,547.07556
3224,581.0,551.2602
3225,580.0,555.83014
3226,579.0,554.4621
3227,583.0,548.6195
3228,580.0,546.52313
3229,567.0,544.4982
3230,563.0,536.88116
3231,514.0,534.4535
3232,529.0,520.14844
3233,517.0,520.588
3234,495.99997,515.61053
3235,511.0,508.67856
3236,503.00003,507.1855
3237,481.0,501.56143
3238,500.00003,494.50922
3239,501.00003,494.97913
3240,487.99997,489.031
3241,495.99997,487.16455
3242,561.0,489.22586
3243,548.0,526.9295
3244,559.0,530.60925
3245,548.0,539.4417
3246,564.0,535.27655
3247,569.0,544.3786
3248,581.0,547.63153
3249,580.0,552.8053
3250,579.0,553.4927
3251,583.0,549.9879
3252,580.0,550.0966
3253,567.0,549.09344
3254,563.0,541.07056
3255,514.0,538.7323
3256,529.0,524.00574
3257,517.0,523.3655
3258,495.99997,517.3547
3259,511.0,509.452
3260,503.00003,506.48044
3261,481.0,499.13687
3262,500.00003,490.50955
3263,501.00003,489.7831
3264,487.99997,510.72778
3265,495.99997,520.69403
3266,561.0,544.1362
3267,548.0,644.7165
3268,559.0,645.653
3269,548.0,653.7764
3270,564.0,635.1522
3271,569.0,636.66986
3272,581.0,632.05347
3273,580.0,626.85175
3274,579.0,614.6139
3275,583.0,591.5463
3276,580.0,579.39014
3277,567.0,567.5843
3278,563.0,545.773
3279,514.0,535.51416
3280,529.0,510.71887
3281,517.0,509.77686
3282,495.99997,501.7335
3283,471.0,491.57465
3284,461.0,477.77365
3285,454.0,468.21225
3286,451.99997,465.08713
3287,450.0,464.2595
3288,462.0,459.46832
3289,474.0,469.67444
3290,548.0,482.2312
3291,636.0,556.81366
3292,691.0,661.591
3293,708.0,705.0349
3294,745.0,711.1413
3295,728.0,728.0038
3296,775.0,721.90686
3297,803.0,744.88226
3298,860.0,758.1566
3299,770.0,771.28265
3300,704.0,715.7894
3301,642.0,645.4004
3302,602.0,592.28424
3303,556.0,566.2153
3304,563.0,547.59906
3305,534.0,542.65265
3306,536.0,530.13824
3307,576.0,527.46545
3308,544.0,534.2435
3309,516.0,523.9579
3310,513.0,509.11682
3311,531.0,502.26526
3312,535.0,512.48016
3313,521.0,536.35876
3314,563.0,558.54706
3315,630.0,630.183
3316,766.0,698.6899
3317,800.0,780.01855
3318,862.0,789.7675
3319,834.0,807.83514
3320,790.0,797.3438
3321,813.0,785.8865
3322,783.0,793.06775
3323,751.0,765.08234
3324,723.0,711.6502
3325,677.0,648.56995
3326,585.0,601.1574
3327,556.0,565.6988
3328,548.0,551.603
3329,553.0,546.5891
3330,568.0,543.48315
3331,564.0,540.60815
3332,566.0,535.96466
3333,534.0,533.3391
3334,514.0,522.3984
3335,531.0,511.22025
3336,529.0,513.9404
3337,524.0,527.9114
3338,611.0,569.0486
3339,705.0,703.82434
3340,780.0,777.05963
3341,775.0,802.4121
3342,848.0,792.49585
3343,828.0,803.03015
3344,844.0,793.9763
3345,833.0,798.72205
3346,788.0,794.49603
3347,736.0,760.09607
3348,740.0,699.0371
3349,641.0,654.6896
3350,584.0,596.26733
3351,541.0,567.37476
3352,546.0,548.5528
3353,564.0,544.8692
3354,556.0,541.1916
3355,539.0,532.8328
3356,499.00003,524.0175
3357,520.0,506.5284
3358,509.0,504.5598
3359,527.0,500.1446
3360,518.0,516.7401
3361,517.0,533.5448
3362,560.0,574.92633
3363,659.0,658.0686
3364,712.0,739.69525
3365,770.0,768.3859
3366,746.0,781.26654
3367,717.0,757.53485
3368,718.0,738.1399
3369,748.0,735.7116
3370,752.0,738.1717
3371,674.0,723.26575
3372,628.0,638.59753
3373,637.0,581.4031
3374,565.0,571.4756
3375,518.0,544.139
3376,533.0,526.67145
3377,532.0,523.62085
3378,524.0,521.0751
3379,519.0,516.53906
3380,505.00003,510.2654
3381,500.00003,504.17154
3382,528.0,498.28595
3383,514.0,505.55557
3384,500.00003,505.81012
3385,491.99997,502.88474
3386,515.0,503.89758
3387,504.00003,515.9739
3388,475.0,512.0488
3389,490.99997,498.42154
3390,582.0,501.5845
3391,538.0,538.2304
